Atom,R1_WT_ES,R2_WT_ES,R3_WT_ES,AVG_WT_ES,R1_WT_CS,R2_WT_CS,R3_WT_CS,AVG_WT_CS
1,0.2379,0.4469,0.1717,0.2855,0.2374,0.4466,0.1717,0.285233333333333
5,0.2129,0.3854,0.1438,0.247366666666667,0.2126,0.3851,0.1437,0.247133333333333
15,0.1707,0.3156,0.1208,0.202366666666667,0.1701,0.3153,0.1207,0.202033333333333
17,0.1519,0.2592,0.0999,0.170333333333333,0.1515,0.2589,0.0997,0.170033333333333
19,0.1305,0.1985,0.0886,0.1392,0.1298,0.1981,0.0884,0.138766666666667
35,0.1118,0.1771,0.085,0.124633333333333,0.1112,0.1766,0.0847,0.124166666666667
37,0.1046,0.1533,0.0882,0.115366666666667,0.1038,0.1526,0.0881,0.114833333333333
39,0.0945,0.1465,0.0889,0.109966666666667,0.0937,0.1457,0.0887,0.109366666666667
47,0.0839,0.1268,0.0807,0.097133333333333,0.0832,0.1261,0.0805,0.0966
49,0.0792,0.1256,0.0784,0.0944,0.0786,0.125,0.0782,0.093933333333333
51,0.0744,0.1145,0.0733,0.0874,0.0738,0.114,0.073,0.086933333333333
61,0.0731,0.108,0.0713,0.084133333333333,0.0726,0.1076,0.0711,0.083766666666667
63,0.0771,0.1127,0.0756,0.088466666666667,0.0766,0.1122,0.0754,0.088066666666667
65,0.0813,0.1125,0.078,0.0906,0.0809,0.1121,0.0779,0.0903
72,0.0819,0.1075,0.0782,0.0892,0.0815,0.1071,0.0781,0.0889
74,0.0817,0.1075,0.0796,0.0896,0.0812,0.1071,0.0795,0.089266666666667
76,0.0886,0.1104,0.0851,0.0947,0.0881,0.11,0.0851,0.0944
91,0.0843,0.1039,0.0795,0.089233333333333,0.0839,0.1035,0.0795,0.088966666666667
93,0.0776,0.0988,0.072,0.0828,0.0772,0.0983,0.0719,0.082466666666667
103,0.0799,0.0985,0.0716,0.083333333333333,0.0795,0.098,0.0716,0.083033333333333
105,0.0839,0.0959,0.0729,0.084233333333333,0.0836,0.0956,0.0729,0.084033333333333
107,0.0817,0.0896,0.0718,0.081033333333333,0.0814,0.0893,0.0718,0.080833333333333
109,0.0891,0.0944,0.0759,0.086466666666667,0.0889,0.0941,0.0759,0.0863
119,0.089,0.0955,0.0769,0.087133333333333,0.0887,0.0953,0.077,0.087
121,0.0896,0.0958,0.0781,0.087833333333333,0.0893,0.0956,0.0782,0.0877
123,0.0969,0.1026,0.083,0.094166666666667,0.0965,0.1024,0.0831,0.094
130,0.0846,0.0901,0.0774,0.084033333333333,0.0842,0.0899,0.0775,0.083866666666667
132,0.0751,0.081,0.071,0.0757,0.0748,0.0809,0.0711,0.0756
134,0.0707,0.0753,0.0687,0.071566666666667,0.0704,0.0752,0.0688,0.071466666666667
147,0.0762,0.0802,0.0733,0.076566666666667,0.0759,0.0801,0.0735,0.0765
149,0.0862,0.0885,0.082,0.085566666666667,0.0859,0.0884,0.0822,0.0855
151,0.0933,0.0956,0.088,0.0923,0.093,0.0955,0.0881,0.0922
161,0.0884,0.0899,0.0822,0.086833333333333,0.0882,0.0898,0.0825,0.086833333333333
163,0.0852,0.0853,0.0793,0.083266666666667,0.085,0.0853,0.0796,0.0833
165,0.0856,0.084,0.079,0.082866666666667,0.0854,0.0839,0.0794,0.0829
182,0.08,0.0811,0.0753,0.0788,0.0798,0.081,0.0757,0.078833333333333
184,0.0733,0.0779,0.0712,0.074133333333333,0.073,0.0778,0.0716,0.074133333333333
186,0.0732,0.0794,0.0726,0.075066666666667,0.073,0.0793,0.073,0.0751
201,0.082,0.0872,0.0815,0.083566666666667,0.0818,0.087,0.082,0.0836
203,0.0874,0.098,0.0893,0.091566666666667,0.0873,0.0977,0.0896,0.091533333333333
205,0.0965,0.1075,0.0976,0.100533333333333,0.0965,0.1072,0.098,0.100566666666667
208,0.0958,0.1123,0.1005,0.102866666666667,0.0955,0.1119,0.1009,0.102766666666667
210,0.1159,0.1252,0.1189,0.12,0.1157,0.1248,0.1192,0.1199
212,0.1405,0.1444,0.1407,0.141866666666667,0.1403,0.1441,0.141,0.1418
218,0.1321,0.1478,0.1368,0.1389,0.1318,0.1476,0.137,0.1388
220,0.1155,0.1402,0.1246,0.126766666666667,0.1151,0.1399,0.1249,0.126633333333333
222,0.1259,0.1549,0.1311,0.1373,0.1255,0.1546,0.1314,0.137166666666667
230,0.1104,0.139,0.1151,0.1215,0.11,0.1386,0.1154,0.121333333333333
232,0.1029,0.1282,0.1073,0.1128,0.1024,0.1279,0.1075,0.1126
234,0.0906,0.1141,0.0949,0.099866666666667,0.09,0.1137,0.0951,0.0996
247,0.0926,0.1205,0.0977,0.1036,0.092,0.1201,0.0978,0.1033
249,0.0892,0.1155,0.0933,0.099333333333333,0.0886,0.1151,0.0933,0.099
251,0.0913,0.1197,0.0965,0.1025,0.0907,0.1193,0.0964,0.102133333333333
262,0.0878,0.1113,0.092,0.097033333333333,0.0872,0.1109,0.0918,0.096633333333333
264,0.0917,0.118,0.097,0.102233333333333,0.0912,0.1178,0.0969,0.101966666666667
266,0.0925,0.116,0.0955,0.101333333333333,0.0919,0.1159,0.0954,0.101066666666667
277,0.0939,0.1155,0.0958,0.101733333333333,0.0934,0.1154,0.0957,0.1015
279,0.0921,0.1112,0.0923,0.098533333333333,0.0916,0.1112,0.0921,0.0983
281,0.0975,0.1148,0.0954,0.102566666666667,0.097,0.1148,0.0953,0.102366666666667
297,0.1058,0.1219,0.0993,0.109,0.1054,0.1219,0.0993,0.108866666666667
299,0.1165,0.1295,0.1059,0.1173,0.1161,0.1296,0.1059,0.1172
301,0.1276,0.1409,0.1099,0.126133333333333,0.1273,0.141,0.1099,0.126066666666667
314,0.1348,0.1491,0.1035,0.129133333333333,0.1343,0.1492,0.1035,0.129
316,0.1374,0.1709,0.1077,0.138666666666667,0.1369,0.1711,0.1077,0.138566666666667
318,0.1515,0.1901,0.1079,0.149833333333333,0.1509,0.1902,0.1079,0.149666666666667
321,0.1695,0.1255,0.1174,0.137466666666667,0.169,0.1257,0.1174,0.137366666666667
323,0.1517,0.1224,0.1093,0.1278,0.1513,0.1226,0.1092,0.1277
325,0.1877,0.128,0.126,0.147233333333333,0.1874,0.1282,0.1258,0.147133333333333
345,0.1668,0.1134,0.117,0.1324,0.1665,0.1136,0.1169,0.132333333333333
347,0.141,0.1051,0.0992,0.1151,0.1406,0.1055,0.099,0.115033333333333
349,0.1541,0.107,0.0935,0.1182,0.1538,0.1073,0.0933,0.118133333333333
359,0.15,0.1096,0.0925,0.117366666666667,0.1498,0.1101,0.0924,0.117433333333333
361,0.1698,0.1077,0.0984,0.1253,0.1696,0.1082,0.0984,0.1254
363,0.1726,0.113,0.1018,0.129133333333333,0.1725,0.1136,0.1018,0.1293
378,0.1633,0.1127,0.1025,0.126166666666667,0.1631,0.1133,0.1025,0.1263
380,0.1575,0.1088,0.0944,0.120233333333333,0.1574,0.1094,0.0945,0.120433333333333
382,0.1609,0.1128,0.0969,0.123533333333333,0.1609,0.1136,0.0969,0.1238
395,0.1654,0.1159,0.0995,0.126933333333333,0.1655,0.1167,0.0997,0.1273
397,0.1659,0.1247,0.1069,0.1325,0.1659,0.1256,0.1071,0.132866666666667
399,0.1703,0.13,0.1102,0.136833333333333,0.1703,0.131,0.1105,0.137266666666667
407,0.1551,0.1204,0.1054,0.126966666666667,0.1553,0.1214,0.1057,0.127466666666667
409,0.1643,0.1289,0.1095,0.134233333333333,0.1645,0.13,0.1098,0.134766666666667
411,0.1589,0.1277,0.1093,0.131966666666667,0.1592,0.1289,0.1096,0.132566666666667
419,0.144,0.1215,0.1067,0.124066666666667,0.1442,0.1228,0.1071,0.1247
421,0.1382,0.117,0.1039,0.1197,0.1385,0.1183,0.1043,0.120366666666667
423,0.1353,0.1168,0.1073,0.1198,0.1355,0.1182,0.1076,0.120433333333333
431,0.13,0.1154,0.1095,0.1183,0.1301,0.1168,0.1097,0.118866666666667
433,0.128,0.1134,0.107,0.116133333333333,0.1281,0.1147,0.1071,0.116633333333333
435,0.1295,0.115,0.1109,0.118466666666667,0.1295,0.1163,0.111,0.118933333333333
442,0.1202,0.1072,0.104,0.110466666666667,0.1201,0.1085,0.1041,0.1109
444,0.127,0.1102,0.1098,0.115666666666667,0.1269,0.1115,0.1097,0.116033333333333
446,0.1214,0.105,0.1065,0.110966666666667,0.1212,0.1063,0.1064,0.1113
453,0.1188,0.1023,0.1072,0.109433333333333,0.1185,0.1034,0.107,0.109633333333333
455,0.1094,0.0979,0.1009,0.102733333333333,0.1091,0.0989,0.1007,0.1029
457,0.1113,0.0993,0.1057,0.105433333333333,0.111,0.1001,0.1054,0.1055
470,0.0997,0.0921,0.0949,0.095566666666667,0.0994,0.093,0.0944,0.0956
472,0.1038,0.0937,0.1002,0.099233333333333,0.1034,0.0944,0.0998,0.0992
474,0.0956,0.0869,0.0922,0.091566666666667,0.0952,0.0875,0.0916,0.091433333333333
486,0.0911,0.0809,0.086,0.086,0.0907,0.0815,0.0853,0.085833333333333
488,0.0835,0.0755,0.0794,0.079466666666667,0.083,0.0761,0.0787,0.079266666666667
490,0.0825,0.0744,0.0761,0.077666666666667,0.082,0.0749,0.0754,0.077433333333333
505,0.0732,0.0711,0.0732,0.0725,0.0728,0.0715,0.0724,0.072233333333333
507,0.0724,0.0729,0.0742,0.073166666666667,0.072,0.0733,0.0733,0.072866666666667
517,0.0677,0.0726,0.0736,0.0713,0.0672,0.0729,0.0726,0.0709
519,0.0583,0.0668,0.066,0.0637,0.058,0.067,0.0651,0.063366666666667
521,0.0587,0.0696,0.0696,0.065966666666667,0.0584,0.0698,0.0686,0.0656
523,0.0584,0.0674,0.068,0.0646,0.0582,0.0676,0.0671,0.0643
535,0.0624,0.0674,0.0736,0.0678,0.0622,0.0674,0.0728,0.067466666666667
537,0.0714,0.071,0.0772,0.0732,0.0713,0.0709,0.0766,0.072933333333333
539,0.0849,0.0816,0.0875,0.084666666666667,0.0848,0.0814,0.0871,0.084433333333333
554,0.0837,0.084,0.0941,0.087266666666667,0.0836,0.0838,0.0938,0.087066666666667
556,0.0884,0.0992,0.1006,0.096066666666667,0.0883,0.0989,0.1003,0.095833333333333
566,0.0947,0.1197,0.1107,0.108366666666667,0.0946,0.1195,0.1105,0.1082
568,0.0966,0.1226,0.1093,0.1095,0.0965,0.1224,0.1092,0.109366666666667
570,0.1061,0.1403,0.1176,0.121333333333333,0.1061,0.1402,0.1175,0.121266666666667
572,0.1175,0.1516,0.1244,0.131166666666667,0.1175,0.1515,0.1244,0.131133333333333
585,0.1177,0.1298,0.1153,0.120933333333333,0.1177,0.1298,0.1151,0.120866666666667
587,0.1056,0.1227,0.107,0.111766666666667,0.1056,0.1227,0.1068,0.1117
589,0.1071,0.1094,0.1046,0.107033333333333,0.1071,0.1094,0.1044,0.106966666666667
601,0.1035,0.1024,0.0998,0.1019,0.1035,0.1024,0.0994,0.101766666666667
603,0.1007,0.0965,0.0972,0.098133333333333,0.1007,0.0964,0.0968,0.097966666666667
605,0.1,0.1067,0.097,0.101233333333333,0.1,0.1065,0.0965,0.101
618,0.092,0.0984,0.0945,0.094966666666667,0.092,0.0984,0.0941,0.094833333333333
620,0.0902,0.1031,0.0904,0.094566666666667,0.0902,0.1027,0.09,0.0943
622,0.0844,0.0941,0.0902,0.089566666666667,0.0845,0.0938,0.0899,0.0894
635,0.0732,0.0822,0.0765,0.0773,0.0733,0.0819,0.0761,0.0771
637,0.0661,0.0753,0.0762,0.072533333333333,0.0662,0.075,0.0759,0.072366666666667
639,0.0587,0.0694,0.0711,0.0664,0.0588,0.0692,0.0709,0.0663
654,0.0551,0.0632,0.0666,0.061633333333333,0.0553,0.063,0.0665,0.0616
656,0.0553,0.0623,0.061,0.059533333333333,0.0555,0.0622,0.0609,0.059533333333333
658,0.053,0.0596,0.057,0.056533333333333,0.0532,0.0596,0.0569,0.056566666666667
673,0.0528,0.0598,0.0569,0.0565,0.0531,0.0598,0.0569,0.0566
675,0.0546,0.0614,0.0586,0.0582,0.0548,0.0615,0.0586,0.0583
677,0.055,0.0618,0.0591,0.058633333333333,0.0552,0.0619,0.0591,0.058733333333333
692,0.0555,0.0589,0.0552,0.056533333333333,0.0557,0.059,0.0552,0.056633333333333
694,0.0573,0.0611,0.0566,0.058333333333333,0.0576,0.0612,0.0567,0.0585
704,0.0606,0.0629,0.0582,0.060566666666667,0.0608,0.063,0.0583,0.0607
706,0.0623,0.0614,0.0585,0.060733333333333,0.0625,0.0616,0.0586,0.0609
708,0.0637,0.0626,0.0603,0.0622,0.0638,0.0627,0.0603,0.062266666666667
710,0.0668,0.0645,0.0642,0.065166666666667,0.0669,0.0646,0.0643,0.065266666666667
713,0.0638,0.0616,0.0613,0.062233333333333,0.0638,0.0617,0.0614,0.0623
715,0.0596,0.0589,0.0569,0.058466666666667,0.0596,0.059,0.057,0.058533333333333
717,0.0573,0.0583,0.0552,0.056933333333333,0.0573,0.0584,0.0552,0.056966666666667
730,0.0549,0.0556,0.0526,0.054366666666667,0.0548,0.0557,0.0526,0.054366666666667
732,0.0564,0.0577,0.0556,0.056566666666667,0.0563,0.0577,0.0557,0.056566666666667
734,0.0563,0.0571,0.055,0.056133333333333,0.0561,0.0571,0.0551,0.0561
744,0.0538,0.0541,0.0528,0.053566666666667,0.0536,0.0542,0.053,0.0536
746,0.0531,0.0531,0.053,0.053066666666667,0.0529,0.0531,0.0532,0.053066666666667
748,0.0514,0.0506,0.0511,0.051033333333333,0.0512,0.0506,0.0512,0.051
763,0.0497,0.0485,0.0482,0.0488,0.0494,0.0484,0.0484,0.048733333333333
765,0.0481,0.0478,0.0481,0.048,0.0478,0.0478,0.0484,0.048
775,0.0476,0.0477,0.0479,0.047733333333333,0.0473,0.0477,0.0482,0.047733333333333
777,0.0478,0.0464,0.048,0.0474,0.0474,0.0463,0.0484,0.047366666666667
779,0.0499,0.049,0.0498,0.049566666666667,0.0495,0.0488,0.0502,0.0495
781,0.0519,0.05,0.0512,0.051033333333333,0.0515,0.0498,0.0516,0.050966666666667
796,0.0546,0.0558,0.0526,0.054333333333333,0.0542,0.0556,0.0531,0.0543
798,0.0595,0.0609,0.0555,0.058633333333333,0.0591,0.0606,0.056,0.058566666666667
800,0.0645,0.0714,0.0623,0.066066666666667,0.0642,0.0712,0.0629,0.0661
813,0.0671,0.0725,0.0636,0.067733333333333,0.0667,0.0722,0.0642,0.0677
815,0.0711,0.0764,0.0657,0.071066666666667,0.0707,0.076,0.0662,0.070966666666667
817,0.0761,0.0802,0.0692,0.075166666666667,0.0757,0.0797,0.0697,0.075033333333333
832,0.0808,0.0883,0.0747,0.081266666666667,0.0805,0.0878,0.0753,0.0812
834,0.0863,0.0942,0.08,0.086833333333333,0.0859,0.0936,0.0806,0.0867
836,0.0922,0.104,0.0871,0.094433333333333,0.0918,0.1034,0.0877,0.0943
852,0.0946,0.1107,0.092,0.0991,0.0942,0.1102,0.0925,0.098966666666667
854,0.0951,0.111,0.0937,0.099933333333333,0.0947,0.1104,0.0941,0.099733333333333
856,0.1,0.1202,0.1008,0.107,0.0997,0.1196,0.1011,0.1068
869,0.097,0.1197,0.0998,0.1055,0.0966,0.119,0.1,0.1052
871,0.1022,0.1301,0.1082,0.1135,0.1018,0.1293,0.1083,0.113133333333333
881,0.1043,0.1324,0.1106,0.115766666666667,0.1038,0.1316,0.1107,0.115366666666667
883,0.1038,0.1294,0.1087,0.113966666666667,0.1033,0.1285,0.1087,0.1135
885,0.1065,0.133,0.111,0.116833333333333,0.106,0.1322,0.111,0.1164
887,0.1091,0.134,0.113,0.1187,0.1087,0.1332,0.1129,0.118266666666667
900,0.1013,0.121,0.1041,0.1088,0.1008,0.1202,0.1039,0.1083
902,0.097,0.1156,0.0981,0.103566666666667,0.0966,0.1148,0.098,0.103133333333333
904,0.0929,0.1067,0.0924,0.097333333333333,0.0925,0.106,0.0922,0.0969
915,0.0883,0.0989,0.0874,0.091533333333333,0.0878,0.0981,0.0872,0.091033333333333
917,0.0877,0.0991,0.0874,0.0914,0.0872,0.0983,0.0873,0.090933333333333
919,0.0863,0.0971,0.0861,0.089833333333333,0.0858,0.0961,0.086,0.0893
931,0.0886,0.1,0.0892,0.0926,0.0881,0.099,0.089,0.092033333333333
933,0.0933,0.1068,0.0946,0.098233333333333,0.0928,0.1058,0.0943,0.097633333333333
935,0.0975,0.111,0.0994,0.102633333333333,0.097,0.1099,0.099,0.101966666666667
942,0.0956,0.1068,0.0978,0.100066666666667,0.0951,0.1057,0.0973,0.099366666666667
944,0.0939,0.1062,0.0962,0.098766666666667,0.0934,0.1052,0.0957,0.0981
946,0.0937,0.1045,0.0967,0.0983,0.0932,0.1037,0.0961,0.097666666666667
959,0.0868,0.0959,0.09,0.0909,0.0863,0.0951,0.0894,0.090266666666667
961,0.0822,0.0912,0.0841,0.085833333333333,0.0817,0.0904,0.0836,0.085233333333333
963,0.0793,0.0861,0.0799,0.081766666666667,0.0789,0.0854,0.0794,0.081233333333333
975,0.0824,0.0873,0.0817,0.0838,0.0818,0.0865,0.0811,0.083133333333333
977,0.086,0.0906,0.0851,0.087233333333333,0.0854,0.0897,0.0846,0.086566666666667
979,0.0934,0.0969,0.0918,0.094033333333333,0.0927,0.0958,0.0912,0.093233333333333
999,0.0992,0.1011,0.0985,0.0996,0.0986,0.1001,0.0979,0.098866666666667
1001,0.0974,0.1006,0.0983,0.098766666666667,0.0968,0.0995,0.0975,0.097933333333333
1003,0.1035,0.1054,0.1056,0.104833333333333,0.1029,0.1044,0.1047,0.104
1013,0.099,0.0995,0.104,0.100833333333333,0.0984,0.0988,0.1032,0.100133333333333
1015,0.0897,0.0941,0.0941,0.092633333333333,0.0891,0.0935,0.0936,0.092066666666667
1017,0.0886,0.0955,0.0948,0.092966666666667,0.088,0.0952,0.0945,0.092566666666667
1032,0.0875,0.0959,0.0908,0.0914,0.0869,0.0957,0.0904,0.091
1034,0.0915,0.0969,0.089,0.092466666666667,0.0908,0.0965,0.0886,0.091966666666667
1036,0.1005,0.1058,0.0956,0.100633333333333,0.0998,0.1055,0.0952,0.100166666666667
1051,0.1162,0.1198,0.1097,0.115233333333333,0.1156,0.1196,0.1091,0.114766666666667
1053,0.1241,0.1221,0.1151,0.120433333333333,0.1234,0.1217,0.1144,0.119833333333333
1055,0.1438,0.1381,0.1333,0.1384,0.1431,0.1377,0.1325,0.137766666666667
1068,0.1438,0.1352,0.1348,0.137933333333333,0.1431,0.1349,0.134,0.137333333333333
1070,0.1372,0.1319,0.1272,0.1321,0.1366,0.1317,0.1263,0.131533333333333
1072,0.1357,0.1326,0.1205,0.1296,0.1351,0.1326,0.1198,0.129166666666667
1090,0.1189,0.1266,0.1083,0.117933333333333,0.1184,0.1267,0.1078,0.117633333333333
1092,0.119,0.1232,0.1119,0.118033333333333,0.1185,0.1233,0.1115,0.117766666666667
1094,0.1237,0.126,0.1142,0.1213,0.1234,0.1262,0.1141,0.121233333333333
1102,0.0993,0.1083,0.0928,0.100133333333333,0.099,0.1086,0.0926,0.100066666666667
1104,0.0834,0.0936,0.0803,0.085766666666667,0.0829,0.0937,0.08,0.085533333333333
1106,0.0696,0.0807,0.0684,0.0729,0.0691,0.0808,0.0679,0.0726
1126,0.0661,0.0744,0.0647,0.0684,0.0657,0.0745,0.0643,0.068166666666667
1128,0.0742,0.081,0.0715,0.075566666666667,0.0738,0.0812,0.0708,0.075266666666667
1130,0.0729,0.08,0.0709,0.0746,0.0727,0.0803,0.0703,0.074433333333333
1140,0.0701,0.0751,0.0649,0.070033333333333,0.0699,0.0753,0.0643,0.069833333333333
1142,0.0708,0.0736,0.0621,0.068833333333333,0.0706,0.0739,0.0615,0.068666666666667
1144,0.0677,0.0702,0.0593,0.065733333333333,0.0676,0.0705,0.0587,0.0656
1160,0.0582,0.0664,0.0577,0.060766666666667,0.0581,0.0668,0.0572,0.0607
1162,0.0595,0.066,0.061,0.062166666666667,0.0595,0.0663,0.0606,0.062133333333333
1164,0.0612,0.0681,0.0635,0.064266666666667,0.0612,0.0686,0.0632,0.064333333333333
1170,0.058,0.0604,0.0619,0.0601,0.0581,0.0607,0.0616,0.060133333333333
1172,0.0544,0.0589,0.0571,0.0568,0.0546,0.0592,0.0568,0.056866666666667
1174,0.0531,0.0621,0.0565,0.057233333333333,0.0533,0.0623,0.0561,0.057233333333333
1186,0.0532,0.068,0.0567,0.0593,0.0534,0.0683,0.0565,0.0594
1188,0.058,0.0774,0.06,0.065133333333333,0.0582,0.0778,0.0596,0.0652
1190,0.06,0.0868,0.0611,0.0693,0.0602,0.0874,0.0608,0.069466666666667
1205,0.0644,0.0986,0.0624,0.075133333333333,0.0646,0.0991,0.0621,0.075266666666667
1207,0.0691,0.1198,0.0647,0.084533333333333,0.0693,0.1205,0.0645,0.084766666666667
1209,0.0783,0.1429,0.0711,0.097433333333333,0.0785,0.1436,0.071,0.0977
1215,0.0887,0.1329,0.0781,0.0999,0.0888,0.1335,0.0779,0.100066666666667
1217,0.0937,0.1471,0.0823,0.1077,0.0937,0.1475,0.082,0.107733333333333
1219,0.1046,0.1511,0.0919,0.115866666666667,0.1046,0.1514,0.0917,0.1159
1236,0.1191,0.1569,0.1046,0.126866666666667,0.119,0.157,0.1044,0.1268
1238,0.1267,0.1559,0.1145,0.132366666666667,0.1267,0.156,0.1143,0.132333333333333
1240,0.1452,0.1782,0.1324,0.151933333333333,0.1451,0.1782,0.1322,0.151833333333333
1247,0.1578,0.203,0.1435,0.1681,0.1577,0.2028,0.1433,0.167933333333333
1249,0.1541,0.2024,0.1402,0.165566666666667,0.154,0.2022,0.1399,0.165366666666667
1251,0.1674,0.234,0.1508,0.184066666666667,0.1672,0.2337,0.1504,0.183766666666667
1261,0.1599,0.2364,0.1433,0.179866666666667,0.1597,0.2362,0.1429,0.1796
1263,0.1668,0.2557,0.1464,0.189633333333333,0.1667,0.2554,0.146,0.189366666666667
1265,0.1661,0.2701,0.1451,0.193766666666667,0.166,0.2699,0.1447,0.193533333333333
1277,0.1756,0.2968,0.155,0.209133333333333,0.1754,0.2965,0.1546,0.208833333333333
1279,0.1892,0.3159,0.167,0.224033333333333,0.189,0.3156,0.1665,0.2237
1281,0.2022,0.3448,0.18,0.242333333333333,0.2019,0.3444,0.1796,0.241966666666667
1294,0.1955,0.3311,0.1779,0.234833333333333,0.1952,0.3307,0.1775,0.234466666666667
1296,0.1855,0.3,0.1713,0.218933333333333,0.1852,0.2997,0.171,0.218633333333333
1298,0.1813,0.2857,0.1739,0.213633333333333,0.181,0.2854,0.1736,0.213333333333333
1309,0.1646,0.2617,0.1625,0.196266666666667,0.1643,0.2615,0.1622,0.196
1311,0.1536,0.2538,0.1493,0.185566666666667,0.1533,0.2537,0.1489,0.1853
1313,0.1405,0.2367,0.1399,0.172366666666667,0.1403,0.2367,0.1396,0.1722
1333,0.1305,0.2037,0.1354,0.156533333333333,0.1303,0.2037,0.1352,0.1564
1335,0.1319,0.1879,0.135,0.1516,0.1317,0.188,0.1348,0.1515
1337,0.1278,0.1625,0.135,0.141766666666667,0.1276,0.1626,0.1348,0.141666666666667
1348,0.1135,0.1388,0.1159,0.122733333333333,0.1134,0.139,0.1157,0.1227
1350,0.1044,0.1186,0.1078,0.110266666666667,0.1044,0.1191,0.1076,0.110366666666667
1352,0.0959,0.1067,0.0946,0.099066666666667,0.0959,0.1073,0.0944,0.0992
1358,0.0963,0.1007,0.0937,0.0969,0.0963,0.1014,0.0935,0.097066666666667
1360,0.0955,0.0976,0.0886,0.0939,0.0956,0.0984,0.0885,0.094166666666667
1362,0.0976,0.0975,0.0881,0.0944,0.0976,0.0984,0.088,0.094666666666667
1375,0.0888,0.0911,0.0803,0.086733333333333,0.0889,0.0921,0.0803,0.0871
1377,0.0838,0.0876,0.077,0.0828,0.084,0.0885,0.077,0.083166666666667
1379,0.0769,0.0832,0.0714,0.077166666666667,0.0772,0.0841,0.0715,0.0776
1395,0.0693,0.0819,0.066,0.0724,0.0696,0.0827,0.066,0.072766666666667
1397,0.0667,0.0748,0.0645,0.068666666666667,0.0671,0.0756,0.0645,0.069066666666667
1399,0.0622,0.0719,0.0604,0.064833333333333,0.0626,0.0725,0.0604,0.065166666666667
1402,0.0578,0.0644,0.0573,0.059833333333333,0.0583,0.065,0.0573,0.0602
1404,0.0553,0.0614,0.0554,0.057366666666667,0.0558,0.0619,0.0554,0.0577
1406,0.0558,0.0575,0.0525,0.055266666666667,0.0562,0.058,0.0525,0.055566666666667
1416,0.0554,0.0576,0.0529,0.0553,0.0557,0.0581,0.0528,0.055533333333333
1418,0.0603,0.0588,0.0546,0.0579,0.0606,0.0594,0.0545,0.058166666666667
1420,0.0628,0.0613,0.0564,0.060166666666667,0.063,0.0619,0.0562,0.060366666666667
1430,0.0597,0.0612,0.0544,0.058433333333333,0.0598,0.0616,0.0542,0.058533333333333
1432,0.0626,0.0669,0.0569,0.062133333333333,0.0626,0.0673,0.0567,0.0622
1434,0.0624,0.0629,0.0545,0.059933333333333,0.0624,0.0633,0.0543,0.06
1440,0.0638,0.065,0.0549,0.061233333333333,0.0638,0.0653,0.0547,0.061266666666667
1442,0.059,0.061,0.0528,0.0576,0.0588,0.0612,0.0526,0.057533333333333
1444,0.062,0.0655,0.0552,0.0609,0.0618,0.0658,0.055,0.060866666666667
1455,0.0592,0.0622,0.0547,0.0587,0.059,0.0623,0.0545,0.0586
1457,0.0599,0.0636,0.0567,0.060066666666667,0.0596,0.0637,0.0564,0.0599
1459,0.0593,0.0633,0.057,0.059866666666667,0.0589,0.0632,0.0569,0.059666666666667
1474,0.0644,0.0698,0.062,0.0654,0.0641,0.0698,0.0619,0.065266666666667
1476,0.0656,0.0714,0.0632,0.066733333333333,0.0652,0.0714,0.0631,0.066566666666667
1478,0.0721,0.0794,0.0698,0.073766666666667,0.0717,0.0795,0.0697,0.073633333333333
1495,0.0729,0.0816,0.0704,0.074966666666667,0.0724,0.0816,0.0703,0.074766666666667
1497,0.068,0.0769,0.0662,0.070366666666667,0.0675,0.0768,0.0661,0.070133333333333
1499,0.0686,0.0797,0.0679,0.072066666666667,0.0681,0.0795,0.0679,0.071833333333333
1505,0.065,0.0758,0.0649,0.068566666666667,0.0644,0.0756,0.0649,0.0683
1507,0.0684,0.0809,0.0683,0.072533333333333,0.0678,0.0805,0.0684,0.072233333333333
1509,0.0707,0.0808,0.0682,0.073233333333333,0.0701,0.0803,0.0683,0.0729
1526,0.0746,0.0857,0.071,0.0771,0.0739,0.0852,0.0711,0.076733333333333
1528,0.0761,0.0864,0.0713,0.077933333333333,0.0754,0.086,0.0714,0.0776
1530,0.0826,0.0927,0.0756,0.083633333333333,0.0819,0.0921,0.0759,0.0833
1550,0.0833,0.0946,0.0767,0.084866666666667,0.0826,0.094,0.077,0.084533333333333
1552,0.0947,0.1088,0.087,0.096833333333333,0.094,0.1081,0.0873,0.096466666666667
1554,0.0974,0.1148,0.0918,0.101333333333333,0.0967,0.1143,0.0922,0.101066666666667
1565,0.1075,0.1195,0.0973,0.1081,0.1069,0.1191,0.0978,0.107933333333333
1567,0.1081,0.1257,0.099,0.110933333333333,0.1075,0.1254,0.0995,0.1108
1569,0.1203,0.1402,0.1091,0.1232,0.1198,0.1401,0.1097,0.1232
1580,0.1216,0.1581,0.1207,0.133466666666667,0.1212,0.1584,0.121,0.133533333333333
1582,0.1392,0.1933,0.1407,0.157733333333333,0.1389,0.1939,0.1408,0.157866666666667
1584,0.1641,0.2442,0.1729,0.193733333333333,0.1639,0.2449,0.1727,0.193833333333333
1597,0.1868,0.2295,0.1946,0.203633333333333,0.1867,0.2303,0.1945,0.203833333333333
1599,0.204,0.2384,0.2131,0.2185,0.2039,0.239,0.2127,0.218533333333333
1601,0.2304,0.2384,0.2395,0.2361,0.2303,0.2389,0.2391,0.2361
1609,0.2306,0.2512,0.2446,0.242133333333333,0.2306,0.2516,0.2443,0.242166666666667
1611,0.2483,0.2671,0.2702,0.261866666666667,0.2483,0.2675,0.2699,0.2619
1613,0.2588,0.2911,0.2872,0.279033333333333,0.2588,0.2914,0.2871,0.2791
1629,0.2435,0.2648,0.2721,0.260133333333333,0.2435,0.2651,0.2719,0.260166666666667
1631,0.228,0.2401,0.2527,0.240266666666667,0.2279,0.2402,0.2525,0.2402
1633,0.2235,0.2466,0.2484,0.2395,0.2234,0.2467,0.2483,0.239466666666667
1636,0.1987,0.2153,0.2167,0.210233333333333,0.1986,0.2152,0.2167,0.210166666666667
1638,0.1866,0.2051,0.1979,0.196533333333333,0.1865,0.2048,0.1977,0.196333333333333
1640,0.1719,0.19,0.181,0.180966666666667,0.1717,0.1897,0.1809,0.180766666666667
1655,0.1463,0.1674,0.1528,0.1555,0.1462,0.1669,0.1529,0.155333333333333
1657,0.1366,0.1523,0.1415,0.143466666666667,0.1364,0.1518,0.1417,0.1433
1659,0.1267,0.1417,0.127,0.1318,0.1264,0.1411,0.1275,0.131666666666667
1670,0.1135,0.1293,0.1141,0.118966666666667,0.1132,0.1287,0.1146,0.118833333333333
1672,0.1054,0.1258,0.1049,0.112033333333333,0.1051,0.1253,0.1055,0.111966666666667
1674,0.0955,0.1147,0.0947,0.101633333333333,0.0951,0.1142,0.0953,0.101533333333333
1689,0.089,0.1081,0.0895,0.095533333333333,0.0886,0.1075,0.09,0.095366666666667
1691,0.0781,0.0978,0.0803,0.0854,0.0777,0.0972,0.0808,0.085233333333333
1693,0.0725,0.0907,0.0743,0.079166666666667,0.0721,0.0901,0.0747,0.078966666666667
1705,0.0678,0.0825,0.0685,0.072933333333333,0.0674,0.082,0.069,0.0728
1707,0.0667,0.0799,0.0654,0.070666666666667,0.0663,0.0794,0.0659,0.070533333333333
1709,0.064,0.0756,0.0626,0.0674,0.0636,0.0752,0.063,0.067266666666667
1727,0.0625,0.0731,0.0611,0.065566666666667,0.062,0.0728,0.0615,0.065433333333333
1729,0.0588,0.0663,0.0572,0.060766666666667,0.0584,0.0659,0.0576,0.060633333333333
1731,0.0572,0.0632,0.0547,0.058366666666667,0.0568,0.0628,0.0549,0.058166666666667
1743,0.0545,0.0587,0.0517,0.054966666666667,0.054,0.0584,0.052,0.0548
1745,0.0555,0.0599,0.0521,0.055833333333333,0.0551,0.0596,0.0524,0.0557
1747,0.0547,0.0582,0.0516,0.054833333333333,0.0543,0.0581,0.0518,0.054733333333333
1765,0.0545,0.0572,0.0508,0.054166666666667,0.0541,0.057,0.0509,0.054
1767,0.0552,0.0558,0.0508,0.053933333333333,0.0548,0.0557,0.0509,0.0538
1769,0.0543,0.0547,0.0499,0.052966666666667,0.054,0.0547,0.0499,0.052866666666667
1775,0.0539,0.0539,0.0499,0.052566666666667,0.0536,0.0539,0.0499,0.052466666666667
1777,0.0567,0.0564,0.0524,0.055166666666667,0.0564,0.0565,0.0523,0.055066666666667
1779,0.0588,0.0576,0.0539,0.056766666666667,0.0586,0.0577,0.0538,0.0567
1794,0.0567,0.0561,0.0518,0.054866666666667,0.0566,0.0563,0.0518,0.0549
1796,0.058,0.0566,0.0518,0.055466666666667,0.0579,0.0568,0.0517,0.055466666666667
1798,0.0582,0.0566,0.0515,0.055433333333333,0.0582,0.0568,0.0515,0.0555
1801,0.0592,0.056,0.053,0.056066666666667,0.0592,0.0563,0.053,0.056166666666667
1803,0.0644,0.0571,0.0564,0.0593,0.0646,0.0575,0.0564,0.0595
1805,0.0705,0.0615,0.0599,0.063966666666667,0.0709,0.062,0.0599,0.064266666666667
1825,0.0792,0.0647,0.0614,0.068433333333333,0.0797,0.0652,0.0614,0.068766666666667
1827,0.0768,0.0632,0.0602,0.066733333333333,0.077,0.0638,0.0603,0.067033333333333
1829,0.078,0.064,0.062,0.068,0.0785,0.0646,0.0621,0.0684
1842,0.067,0.061,0.0597,0.062566666666667,0.0675,0.0617,0.0598,0.063
1844,0.0641,0.0625,0.0616,0.062733333333333,0.0647,0.0632,0.0618,0.063233333333333
1846,0.06,0.0629,0.0613,0.0614,0.0606,0.0637,0.0615,0.061933333333333
1866,0.0625,0.0672,0.0649,0.064866666666667,0.063,0.0681,0.0651,0.0654
1868,0.0642,0.0681,0.0652,0.065833333333333,0.0646,0.069,0.0654,0.066333333333333
1870,0.0691,0.0726,0.0687,0.070133333333333,0.0694,0.0737,0.0688,0.070633333333333
1886,0.0724,0.0761,0.0703,0.072933333333333,0.0727,0.0772,0.0704,0.073433333333333
1888,0.0796,0.0826,0.0755,0.079233333333333,0.0799,0.0838,0.0757,0.0798
1890,0.0845,0.0864,0.0783,0.083066666666667,0.0847,0.0876,0.0784,0.083566666666667
1908,0.083,0.0849,0.0798,0.082566666666667,0.0831,0.0861,0.0799,0.083033333333333
1910,0.0854,0.0867,0.0824,0.084833333333333,0.0855,0.0879,0.0823,0.085233333333333
1912,0.0861,0.0867,0.0851,0.085966666666667,0.0861,0.0878,0.085,0.0863
1924,0.0949,0.0913,0.0945,0.093566666666667,0.0949,0.0926,0.0944,0.093966666666667
1926,0.0971,0.0938,0.097,0.095966666666667,0.097,0.0952,0.0969,0.096366666666667
1928,0.1058,0.0988,0.1056,0.1034,0.1057,0.1001,0.1055,0.103766666666667
1943,0.1083,0.1006,0.109,0.105966666666667,0.1081,0.1019,0.1089,0.1063
1945,0.1029,0.0949,0.1038,0.100533333333333,0.1027,0.0961,0.1035,0.100766666666667
1947,0.1048,0.0965,0.1075,0.102933333333333,0.1046,0.0976,0.1071,0.1031
1958,0.0986,0.0913,0.1007,0.096866666666667,0.0983,0.0923,0.1002,0.096933333333333
1960,0.1013,0.0949,0.1037,0.099966666666667,0.101,0.0958,0.1032,0.1
1962,0.1007,0.0936,0.1011,0.098466666666667,0.1003,0.0944,0.1005,0.0984
1977,0.1134,0.0964,0.1051,0.104966666666667,0.1128,0.0971,0.1044,0.104766666666667
1979,0.1123,0.0949,0.1042,0.1038,0.1117,0.0954,0.1034,0.1035
1981,0.1276,0.1022,0.1126,0.114133333333333,0.1269,0.1027,0.1117,0.113766666666667
2001,0.1322,0.1012,0.1122,0.1152,0.1317,0.1015,0.1113,0.114833333333333
2003,0.1457,0.1196,0.1277,0.131,0.1451,0.1198,0.1268,0.130566666666667
2005,0.1545,0.1262,0.1347,0.138466666666667,0.1539,0.1264,0.1338,0.138033333333333
2015,0.1766,0.1532,0.1504,0.160066666666667,0.176,0.1531,0.1495,0.159533333333333
2017,0.1823,0.156,0.1529,0.163733333333333,0.1818,0.156,0.152,0.163266666666667
2019,0.2099,0.1903,0.1741,0.191433333333333,0.2094,0.1902,0.1733,0.190966666666667
2032,0.2267,0.2067,0.1896,0.207666666666667,0.2263,0.2066,0.1888,0.207233333333333
2034,0.2572,0.2495,0.2131,0.239933333333333,0.2568,0.2494,0.2124,0.239533333333333
2036,0.2847,0.2751,0.2336,0.264466666666667,0.2843,0.2749,0.2329,0.264033333333333
2043,0.2772,0.2547,0.2326,0.254833333333333,0.277,0.2545,0.232,0.2545
2045,0.2536,0.2291,0.222,0.2349,0.2533,0.2289,0.2215,0.234566666666667
2047,0.2485,0.2142,0.2247,0.229133333333333,0.2483,0.214,0.2243,0.228866666666667
2055,0.232,0.1889,0.2082,0.2097,0.2319,0.1886,0.2077,0.2094
2057,0.2209,0.1776,0.1933,0.197266666666667,0.2207,0.1774,0.1928,0.196966666666667
2059,0.2146,0.1697,0.1873,0.190533333333333,0.2145,0.1695,0.1868,0.190266666666667
2062,0.1819,0.1471,0.1659,0.164966666666667,0.1818,0.1469,0.1653,0.164666666666667
2064,0.1614,0.1378,0.1544,0.1512,0.1612,0.1376,0.1537,0.150833333333333
2066,0.1359,0.1362,0.1423,0.138133333333333,0.1357,0.1362,0.1416,0.137833333333333
2081,0.121,0.1192,0.127,0.1224,0.1208,0.1193,0.1262,0.1221
2083,0.1097,0.1156,0.1208,0.115366666666667,0.1094,0.1157,0.1199,0.115
2085,0.0987,0.1045,0.1107,0.104633333333333,0.0984,0.1048,0.1098,0.104333333333333
2098,0.085,0.0933,0.0977,0.092,0.0846,0.0936,0.0967,0.091633333333333
2100,0.0884,0.0922,0.0969,0.0925,0.088,0.0925,0.096,0.092166666666667
2102,0.0842,0.0854,0.0904,0.086666666666667,0.0838,0.0858,0.0895,0.086366666666667
2115,0.0846,0.0832,0.0891,0.085633333333333,0.0843,0.0837,0.0883,0.085433333333333
2117,0.0792,0.0784,0.0821,0.0799,0.0789,0.079,0.0814,0.079766666666667
2119,0.0812,0.0806,0.0835,0.081766666666667,0.0809,0.0813,0.0828,0.081666666666667
2125,0.0829,0.0805,0.0836,0.082333333333333,0.0826,0.0813,0.0831,0.082333333333333
2127,0.0888,0.0829,0.0877,0.086466666666667,0.0885,0.0838,0.0872,0.0865
2129,0.0912,0.084,0.0892,0.088133333333333,0.0909,0.085,0.0887,0.0882
2147,0.0889,0.0864,0.087,0.087433333333333,0.0887,0.0875,0.0867,0.087633333333333
2149,0.092,0.0912,0.0871,0.0901,0.0918,0.0922,0.0867,0.090233333333333
2151,0.0877,0.097,0.0868,0.0905,0.0875,0.0981,0.0865,0.0907
2163,0.092,0.0936,0.0871,0.0909,0.0919,0.0948,0.0869,0.0912
2165,0.089,0.0902,0.0852,0.088133333333333,0.089,0.0914,0.0852,0.088533333333333
2167,0.0917,0.0905,0.0866,0.0896,0.0917,0.0919,0.0867,0.0901
2180,0.0876,0.086,0.0817,0.0851,0.0877,0.0873,0.0819,0.085633333333333
2182,0.0899,0.0868,0.0831,0.0866,0.0899,0.0881,0.0833,0.0871
2184,0.0887,0.0844,0.0813,0.0848,0.0888,0.0856,0.0815,0.0853
2199,0.0931,0.0879,0.0847,0.088566666666667,0.0933,0.0891,0.0849,0.0891
2201,0.0898,0.0857,0.0823,0.085933333333333,0.0901,0.0868,0.0826,0.0865
2203,0.0947,0.0891,0.0863,0.090033333333333,0.0949,0.0902,0.0866,0.090566666666667
2218,0.0996,0.0919,0.0914,0.0943,0.0999,0.0929,0.0918,0.094866666666667
2220,0.105,0.1031,0.0969,0.101666666666667,0.1054,0.1041,0.0973,0.102266666666667
2230,0.1078,0.1059,0.1016,0.1051,0.1082,0.1069,0.102,0.1057
2232,0.0995,0.0914,0.1007,0.0972,0.1,0.0924,0.1011,0.097833333333333
2234,0.0974,0.0921,0.108,0.099166666666667,0.0979,0.093,0.1084,0.099766666666667
2236,0.0916,0.087,0.1163,0.0983,0.0922,0.0877,0.1167,0.098866666666667
2247,0.0995,0.1046,0.1408,0.114966666666667,0.1001,0.1053,0.1412,0.115533333333333
2249,0.0988,0.1215,0.1694,0.1299,0.0994,0.1224,0.17,0.1306
2251,0.1022,0.1446,0.1974,0.148066666666667,0.1028,0.1456,0.198,0.1488
2258,0.1012,0.1394,0.1993,0.146633333333333,0.1018,0.1401,0.1998,0.147233333333333
2260,0.1092,0.1587,0.2101,0.159333333333333,0.1097,0.1593,0.2106,0.159866666666667
2262,0.1137,0.1814,0.2292,0.174766666666667,0.1142,0.1818,0.2297,0.175233333333333
2274,0.1093,0.1969,0.2173,0.1745,0.1097,0.1971,0.2178,0.174866666666667
2276,0.1115,0.1902,0.2249,0.175533333333333,0.1119,0.1902,0.2255,0.175866666666667
2278,0.1173,0.2088,0.2266,0.184233333333333,0.1177,0.2088,0.2272,0.184566666666667
2293,0.1195,0.2075,0.2265,0.1845,0.1199,0.2075,0.2272,0.184866666666667
2295,0.1334,0.2317,0.2349,0.2,0.1338,0.2316,0.2357,0.200366666666667
2305,0.1484,0.2404,0.2467,0.211833333333333,0.1487,0.2402,0.2475,0.212133333333333
2307,0.1371,0.2166,0.2465,0.200066666666667,0.1374,0.2165,0.2473,0.2004
2309,0.1573,0.2212,0.2559,0.211466666666667,0.1575,0.2212,0.2566,0.211766666666667
2311,0.1683,0.2125,0.2626,0.214466666666667,0.1685,0.2126,0.2633,0.2148
2318,0.1583,0.211,0.2457,0.205,0.1586,0.211,0.2463,0.2053
2320,0.1672,0.2184,0.2491,0.211566666666667,0.1674,0.2184,0.2497,0.211833333333333
2322,0.1767,0.2341,0.2386,0.216466666666667,0.1769,0.2341,0.2391,0.2167
2332,0.1726,0.2235,0.2093,0.2018,0.1729,0.2234,0.2097,0.202
2334,0.172,0.1981,0.2022,0.190766666666667,0.1723,0.1981,0.2027,0.191033333333333
2336,0.1824,0.1937,0.1877,0.187933333333333,0.1827,0.1937,0.188,0.188133333333333
2349,0.1759,0.2028,0.1773,0.185333333333333,0.1763,0.2026,0.1774,0.185433333333333
2351,0.1704,0.2119,0.1849,0.189066666666667,0.1708,0.2117,0.1852,0.189233333333333
2353,0.1814,0.2313,0.1918,0.2015,0.1818,0.2311,0.1919,0.2016
2360,0.1987,0.2556,0.1979,0.2174,0.1991,0.2552,0.1978,0.217366666666667
2362,0.2084,0.2654,0.201,0.224933333333333,0.2088,0.265,0.2008,0.224866666666667
2364,0.2404,0.2962,0.2218,0.2528,0.2408,0.2957,0.2215,0.252666666666667
2370,0.2441,0.2945,0.2218,0.253466666666667,0.2445,0.2939,0.2213,0.253233333333333
2372,0.2203,0.2687,0.2052,0.2314,0.2207,0.2681,0.2046,0.231133333333333
2374,0.2341,0.2726,0.2162,0.240966666666667,0.2345,0.272,0.2154,0.240633333333333
2386,0.2239,0.2542,0.2096,0.229233333333333,0.2244,0.2535,0.2088,0.2289
2388,0.2066,0.2306,0.1927,0.209966666666667,0.2071,0.23,0.192,0.2097
2390,0.212,0.2211,0.1979,0.210333333333333,0.2124,0.2205,0.1972,0.210033333333333
2403,0.2213,0.2483,0.2146,0.228066666666667,0.2218,0.2475,0.2139,0.227733333333333
2405,0.2473,0.2662,0.2346,0.249366666666667,0.2478,0.2654,0.2338,0.249
2407,0.2692,0.3036,0.2697,0.280833333333333,0.2697,0.3028,0.2689,0.280466666666667
2422,0.2618,0.2975,0.2793,0.279533333333333,0.2622,0.2967,0.2786,0.279166666666667
2424,0.2821,0.3362,0.317,0.311766666666667,0.2826,0.3354,0.3165,0.3115
2426,0.2928,0.3477,0.342,0.3275,0.2933,0.3468,0.3415,0.3272
2437,0.2997,0.3464,0.3519,0.332666666666667,0.3002,0.3454,0.3513,0.3323
2439,0.3092,0.3576,0.3628,0.3432,0.3097,0.3567,0.3622,0.342866666666667
2441,0.3229,0.3619,0.3841,0.3563,0.3233,0.3609,0.3834,0.355866666666667
2448,0.3071,0.3215,0.3569,0.3285,0.3074,0.3205,0.356,0.327966666666667
2450,0.2842,0.2855,0.3164,0.295366666666667,0.2846,0.2846,0.3154,0.294866666666667
2452,0.2808,0.2513,0.2995,0.2772,0.281,0.2504,0.2982,0.276533333333333
2467,0.2753,0.2385,0.2868,0.266866666666667,0.2755,0.2376,0.2856,0.266233333333333
2469,0.2725,0.2493,0.2858,0.2692,0.2727,0.2485,0.2846,0.2686
2471,0.2827,0.2557,0.2919,0.276766666666667,0.2828,0.255,0.2908,0.2762
2481,0.3012,0.2858,0.3083,0.298433333333333,0.3013,0.2851,0.3073,0.2979
2483,0.3112,0.3121,0.3288,0.317366666666667,0.3113,0.3114,0.3279,0.316866666666667
2485,0.3418,0.3446,0.3528,0.3464,0.342,0.3439,0.3519,0.345933333333333
2503,0.3443,0.3281,0.3425,0.3383,0.3444,0.3273,0.3415,0.337733333333333
2505,0.3258,0.3327,0.326,0.328166666666667,0.3258,0.332,0.3248,0.327533333333333
2507,0.3442,0.3308,0.33,0.335,0.3442,0.33,0.3287,0.3343
2514,0.3451,0.318,0.3083,0.3238,0.345,0.317,0.3069,0.322966666666667
2516,0.3354,0.3205,0.2898,0.315233333333333,0.3353,0.3193,0.2884,0.314333333333333
2518,0.3613,0.3482,0.2834,0.330966666666667,0.3612,0.3469,0.282,0.330033333333333
2531,0.3284,0.3315,0.2846,0.314833333333333,0.3284,0.3303,0.2833,0.314
2533,0.3129,0.3045,0.2829,0.3001,0.3128,0.3034,0.2819,0.299366666666667
2535,0.2949,0.3223,0.2909,0.3027,0.2949,0.3215,0.29,0.302133333333333
2550,0.2876,0.2865,0.2596,0.2779,0.2876,0.2857,0.2589,0.2774
2552,0.2914,0.2643,0.2541,0.269933333333333,0.2915,0.2637,0.2536,0.2696
2554,0.31,0.2408,0.2356,0.262133333333333,0.3101,0.2403,0.2353,0.2619
2570,0.2922,0.2555,0.2594,0.269033333333333,0.2923,0.2552,0.2593,0.268933333333333
2572,0.3174,0.262,0.2626,0.280666666666667,0.3175,0.2617,0.2628,0.280666666666667
2582,0.3205,0.2888,0.2851,0.298133333333333,0.3206,0.2887,0.2855,0.298266666666667
2584,0.3045,0.2732,0.2749,0.2842,0.3046,0.2733,0.2754,0.284433333333333
2586,0.3088,0.3112,0.3014,0.307133333333333,0.309,0.3113,0.3019,0.3074
2588,0.3069,0.3197,0.3034,0.31,0.3072,0.32,0.3041,0.310433333333333
2595,0.2858,0.2955,0.2817,0.287666666666667,0.2861,0.2958,0.2827,0.2882
2597,0.278,0.2867,0.2739,0.279533333333333,0.2783,0.2871,0.2749,0.2801
2599,0.2658,0.2759,0.2618,0.267833333333333,0.2661,0.2763,0.263,0.268466666666667
2617,0.2839,0.3048,0.2778,0.288833333333333,0.2843,0.3054,0.2791,0.2896
2619,0.2848,0.3126,0.2771,0.2915,0.2852,0.3133,0.2787,0.2924
2629,0.3061,0.3471,0.2957,0.3163,0.3067,0.3479,0.2973,0.3173
2631,0.3037,0.3493,0.2974,0.3168,0.3043,0.35,0.299,0.317766666666667
2633,0.3267,0.3888,0.3227,0.346066666666667,0.3274,0.3894,0.3243,0.347033333333333
2635,0.3297,0.406,0.3365,0.3574,0.3304,0.4066,0.3381,0.358366666666667
2647,0.3246,0.3987,0.3399,0.3544,0.3254,0.3994,0.3418,0.355533333333333
2649,0.2984,0.3952,0.3489,0.3475,0.2991,0.3959,0.3509,0.348633333333333
2651,0.2912,0.3919,0.3719,0.351666666666667,0.2919,0.3928,0.3742,0.352966666666667
2658,0.2687,0.3776,0.3527,0.333,0.2694,0.3784,0.3549,0.334233333333333
2660,0.272,0.3729,0.3498,0.331566666666667,0.2728,0.3738,0.3519,0.332833333333333
2662,0.259,0.354,0.3427,0.318566666666667,0.2598,0.3549,0.3448,0.319833333333333
2682,0.2265,0.3373,0.3146,0.2928,0.2272,0.3381,0.3169,0.294066666666667
2684,0.2092,0.3222,0.3117,0.281033333333333,0.2098,0.323,0.3138,0.2822
2686,0.1844,0.3184,0.2931,0.2653,0.1849,0.3192,0.2954,0.2665
2697,0.1885,0.3241,0.2877,0.266766666666667,0.1892,0.325,0.29,0.268066666666667
2699,0.1797,0.3471,0.2715,0.2661,0.1803,0.348,0.2739,0.2674
2701,0.1943,0.3713,0.2734,0.279666666666667,0.195,0.3722,0.2758,0.281
2709,0.2204,0.3844,0.2844,0.2964,0.2212,0.3855,0.2869,0.297866666666667
2711,0.2271,0.3773,0.2833,0.2959,0.2281,0.3786,0.2858,0.2975
2713,0.2577,0.396,0.3014,0.318366666666667,0.2588,0.3975,0.3039,0.320066666666667
2726,0.261,0.3907,0.3058,0.319166666666667,0.2621,0.3923,0.3084,0.320933333333333
2728,0.245,0.3864,0.2936,0.308333333333333,0.246,0.3878,0.2962,0.31
2730,0.2546,0.3882,0.3086,0.317133333333333,0.2556,0.3897,0.3112,0.318833333333333
2737,0.2328,0.3472,0.2819,0.2873,0.2337,0.3486,0.2843,0.288866666666667
2739,0.2161,0.2969,0.2557,0.256233333333333,0.2169,0.2982,0.258,0.2577
2741,0.2012,0.2579,0.231,0.230033333333333,0.2018,0.259,0.2332,0.231333333333333
2748,0.1885,0.2302,0.2177,0.212133333333333,0.1891,0.2315,0.2199,0.2135
2750,0.1929,0.2496,0.2328,0.2251,0.1936,0.2511,0.2351,0.2266
2752,0.19,0.2414,0.2285,0.219966666666667,0.1907,0.2431,0.2308,0.221533333333333
2769,0.1921,0.2277,0.2191,0.212966666666667,0.1929,0.2294,0.2214,0.214566666666667
2771,0.2048,0.2387,0.2319,0.225133333333333,0.2057,0.2404,0.2341,0.226733333333333
2773,0.2123,0.2333,0.2318,0.2258,0.2133,0.235,0.2339,0.2274
2791,0.1988,0.2086,0.2108,0.206066666666667,0.1996,0.2102,0.2128,0.207533333333333
2793,0.1891,0.2,0.2042,0.197766666666667,0.1898,0.2014,0.2061,0.1991
2795,0.1805,0.1796,0.1881,0.182733333333333,0.1811,0.1808,0.1898,0.1839
2815,0.1659,0.1536,0.1628,0.160766666666667,0.1663,0.1548,0.1644,0.161833333333333
2817,0.1644,0.1506,0.1584,0.1578,0.1648,0.1519,0.1602,0.158966666666667
2819,0.1639,0.1333,0.142,0.1464,0.1642,0.1347,0.1437,0.147533333333333
2839,0.1664,0.1395,0.1415,0.149133333333333,0.1667,0.1411,0.143,0.150266666666667
2841,0.1706,0.1617,0.1592,0.163833333333333,0.1712,0.1634,0.1609,0.165166666666667
2843,0.1814,0.172,0.1667,0.173366666666667,0.182,0.1738,0.1682,0.174666666666667
2856,0.1763,0.1586,0.1586,0.1645,0.1769,0.1603,0.1598,0.165666666666667
2858,0.1656,0.156,0.1606,0.160733333333333,0.1662,0.1575,0.1618,0.161833333333333
2860,0.1702,0.1504,0.1612,0.1606,0.1708,0.1518,0.1621,0.161566666666667
2878,0.1575,0.1296,0.1442,0.143766666666667,0.1579,0.1307,0.1447,0.144433333333333
2880,0.1586,0.1181,0.133,0.136566666666667,0.1588,0.1191,0.1337,0.1372
2882,0.1478,0.1042,0.1215,0.1245,0.1479,0.1049,0.1219,0.1249
2899,0.1322,0.1014,0.1122,0.115266666666667,0.1323,0.1021,0.1123,0.115566666666667
2901,0.1424,0.1087,0.1136,0.121566666666667,0.1424,0.1097,0.114,0.122033333333333
2903,0.1448,0.1206,0.1185,0.127966666666667,0.1448,0.1217,0.1187,0.1284
2916,0.1419,0.1308,0.1258,0.132833333333333,0.1421,0.1318,0.1256,0.133166666666667
2918,0.1488,0.1366,0.1335,0.139633333333333,0.1492,0.1378,0.1335,0.140166666666667
2920,0.1559,0.1495,0.148,0.151133333333333,0.1563,0.1507,0.1477,0.151566666666667
2938,0.1435,0.1456,0.1488,0.145966666666667,0.1439,0.1465,0.1481,0.146166666666667
2940,0.1327,0.1338,0.1381,0.134866666666667,0.1331,0.1345,0.1373,0.134966666666667
2942,0.1324,0.1393,0.1495,0.1404,0.1327,0.1397,0.1485,0.1403
2962,0.1211,0.1353,0.1444,0.1336,0.1214,0.1355,0.1431,0.133333333333333
2964,0.1093,0.1194,0.1273,0.118666666666667,0.1095,0.1196,0.1262,0.118433333333333
2966,0.1056,0.1164,0.1313,0.117766666666667,0.1058,0.1166,0.1301,0.1175
2984,0.1079,0.1235,0.1396,0.123666666666667,0.1082,0.1237,0.1384,0.123433333333333
2986,0.1103,0.1246,0.1318,0.122233333333333,0.1107,0.1249,0.1307,0.1221
2988,0.1228,0.1374,0.1456,0.135266666666667,0.1233,0.1377,0.1446,0.1352
3004,0.1339,0.1484,0.1612,0.147833333333333,0.1344,0.1488,0.1602,0.1478
3006,0.1358,0.1588,0.1722,0.1556,0.1364,0.1591,0.1712,0.155566666666667
3008,0.1499,0.1722,0.1897,0.1706,0.1505,0.1726,0.1887,0.1706
3021,0.1597,0.1745,0.1981,0.177433333333333,0.1603,0.1748,0.197,0.177366666666667
3023,0.1582,0.1708,0.1966,0.1752,0.1588,0.1711,0.1955,0.175133333333333
3025,0.1761,0.1792,0.2081,0.1878,0.1767,0.1795,0.207,0.187733333333333
3032,0.1815,0.1836,0.1976,0.187566666666667,0.1821,0.1838,0.1964,0.187433333333333
3034,0.177,0.1834,0.1916,0.184,0.1775,0.1837,0.1906,0.183933333333333
3036,0.1875,0.1964,0.1876,0.1905,0.1881,0.1966,0.1866,0.190433333333333
3042,0.2213,0.2173,0.1895,0.209366666666667,0.2219,0.2176,0.1884,0.2093
3044,0.2434,0.2235,0.2024,0.2231,0.2441,0.2239,0.2012,0.223066666666667
3046,0.2865,0.2473,0.2282,0.254,0.2872,0.2477,0.227,0.253966666666667
3056,0.2991,0.2516,0.2407,0.2638,0.2999,0.2521,0.2394,0.2638
3058,0.2809,0.2364,0.2341,0.250466666666667,0.2817,0.2368,0.2327,0.2504
3060,0.3059,0.2488,0.259,0.271233333333333,0.3068,0.2492,0.2576,0.2712
3075,0.2966,0.2622,0.2535,0.270766666666667,0.2975,0.2625,0.252,0.270666666666667
3077,0.2621,0.2606,0.2258,0.2495,0.2628,0.2608,0.2245,0.249366666666667
3079,0.2607,0.2776,0.228,0.255433333333333,0.2613,0.2779,0.2268,0.255333333333333
3089,0.2585,0.2892,0.2315,0.259733333333333,0.2591,0.2894,0.2304,0.259633333333333
3091,0.2754,0.3171,0.2478,0.2801,0.276,0.3173,0.2468,0.280033333333333
3093,0.2833,0.3364,0.2633,0.294333333333333,0.2839,0.3366,0.2625,0.294333333333333
3100,0.2591,0.3095,0.2583,0.275633333333333,0.2596,0.3097,0.2578,0.2757
3102,0.2393,0.2807,0.2431,0.254366666666667,0.2397,0.2809,0.2426,0.2544
3104,0.2248,0.2575,0.2438,0.242033333333333,0.2251,0.2576,0.2435,0.242066666666667
3124,0.2093,0.239,0.2382,0.228833333333333,0.2096,0.2391,0.2381,0.228933333333333
3126,0.211,0.2359,0.2529,0.233266666666667,0.2113,0.236,0.2531,0.233466666666667
3136,0.2161,0.23,0.2588,0.234966666666667,0.2163,0.2301,0.2591,0.235166666666667
3138,0.1949,0.199,0.2333,0.209066666666667,0.1951,0.1991,0.2336,0.209266666666667
3140,0.2015,0.1975,0.2387,0.212566666666667,0.2018,0.1976,0.239,0.2128
3142,0.1925,0.1772,0.2238,0.197833333333333,0.1928,0.1774,0.224,0.198066666666667
3162,0.1791,0.1636,0.21,0.184233333333333,0.1793,0.1637,0.2101,0.184366666666667
3164,0.1857,0.1759,0.218,0.1932,0.1859,0.176,0.2182,0.193366666666667
3166,0.1863,0.1724,0.2103,0.189666666666667,0.1863,0.1726,0.2105,0.1898
3186,0.1719,0.1554,0.1906,0.172633333333333,0.1719,0.1554,0.1906,0.172633333333333
3188,0.1608,0.154,0.1902,0.168333333333333,0.1609,0.1541,0.1902,0.1684
3190,0.1602,0.1467,0.1841,0.163666666666667,0.1602,0.1466,0.1839,0.163566666666667
3205,0.1451,0.1251,0.1595,0.143233333333333,0.1451,0.1249,0.1591,0.143033333333333
3207,0.1283,0.1163,0.1508,0.1318,0.1285,0.1163,0.1502,0.131666666666667
3209,0.1213,0.1042,0.1407,0.122066666666667,0.1216,0.104,0.1398,0.1218
3226,0.1193,0.0972,0.1282,0.1149,0.1196,0.097,0.1274,0.114666666666667
3228,0.1225,0.1053,0.135,0.120933333333333,0.1227,0.1051,0.1345,0.120766666666667
3230,0.1245,0.1137,0.1388,0.125666666666667,0.1247,0.1134,0.1385,0.125533333333333
3237,0.1191,0.1199,0.1361,0.125033333333333,0.1193,0.1196,0.1359,0.124933333333333
3239,0.1151,0.1252,0.1402,0.126833333333333,0.1153,0.1249,0.14,0.126733333333333
3241,0.1163,0.141,0.1556,0.137633333333333,0.1166,0.1408,0.1555,0.137633333333333
3256,0.1128,0.1345,0.1474,0.131566666666667,0.113,0.1343,0.1471,0.131466666666667
3258,0.1096,0.1171,0.13,0.1189,0.1098,0.1169,0.1297,0.1188
3260,0.1137,0.1201,0.134,0.1226,0.114,0.12,0.1337,0.122566666666667
3277,0.1101,0.1053,0.1185,0.1113,0.1103,0.1052,0.1181,0.1112
3279,0.1022,0.0916,0.1082,0.100666666666667,0.1023,0.0913,0.1078,0.100466666666667
3281,0.1026,0.0813,0.095,0.092966666666667,0.1026,0.0811,0.0945,0.092733333333333
3289,0.0989,0.0791,0.0869,0.0883,0.0989,0.079,0.0865,0.088133333333333
3291,0.1061,0.0824,0.0884,0.0923,0.1062,0.0823,0.088,0.092166666666667
3293,0.1077,0.0843,0.0873,0.0931,0.1078,0.0842,0.0871,0.093033333333333
3299,0.1037,0.0798,0.081,0.088166666666667,0.1037,0.0796,0.0809,0.088066666666667
3301,0.1059,0.0815,0.0809,0.089433333333333,0.1058,0.0813,0.0807,0.089266666666667
3303,0.1054,0.0812,0.0822,0.0896,0.1053,0.0809,0.0821,0.089433333333333
3314,0.0973,0.0789,0.08,0.0854,0.0972,0.0787,0.0799,0.085266666666667
3316,0.0956,0.0794,0.078,0.084333333333333,0.0954,0.0791,0.0778,0.0841
3318,0.0899,0.08,0.083,0.0843,0.0897,0.0797,0.0828,0.084066666666667
3328,0.0856,0.0772,0.0901,0.0843,0.0854,0.077,0.0901,0.084166666666667
3330,0.0853,0.0747,0.0872,0.0824,0.0852,0.0745,0.0871,0.082266666666667
3332,0.0834,0.0736,0.0959,0.0843,0.0833,0.0734,0.0959,0.0842
3347,0.0827,0.0721,0.0979,0.084233333333333,0.0825,0.0719,0.098,0.084133333333333
3349,0.0849,0.0712,0.0908,0.0823,0.0847,0.0709,0.0908,0.082133333333333
3351,0.0858,0.0703,0.0981,0.084733333333333,0.0856,0.0701,0.0983,0.084666666666667
3364,0.0855,0.0723,0.1024,0.086733333333333,0.0853,0.072,0.1026,0.086633333333333
3366,0.0852,0.0739,0.1052,0.0881,0.0849,0.0736,0.1054,0.087966666666667
3368,0.0865,0.076,0.1032,0.088566666666667,0.0862,0.0757,0.1034,0.088433333333333
3376,0.0814,0.0764,0.0925,0.083433333333333,0.081,0.0761,0.0926,0.083233333333333
3378,0.0781,0.0762,0.0973,0.083866666666667,0.0778,0.076,0.0975,0.083766666666667
3380,0.0783,0.0784,0.0959,0.0842,0.0781,0.0782,0.0959,0.084066666666667
3400,0.0801,0.0775,0.0888,0.082133333333333,0.0799,0.0773,0.0888,0.082
3402,0.0792,0.0735,0.0837,0.0788,0.0789,0.0733,0.0837,0.078633333333333
3404,0.0828,0.073,0.0798,0.078533333333333,0.0825,0.0728,0.0798,0.078366666666667
3419,0.087,0.0752,0.08,0.080733333333333,0.0867,0.0749,0.0799,0.0805
3421,0.0883,0.0757,0.0816,0.081866666666667,0.0879,0.0754,0.0815,0.0816
3423,0.0951,0.0774,0.0849,0.0858,0.0947,0.0771,0.0848,0.085533333333333
3441,0.096,0.0788,0.0843,0.086366666666667,0.0956,0.0785,0.0842,0.0861
3443,0.0939,0.0812,0.083,0.086033333333333,0.0935,0.0808,0.0829,0.085733333333333
3445,0.0982,0.0854,0.0866,0.090066666666667,0.098,0.085,0.0865,0.089833333333333
3463,0.0973,0.0846,0.09,0.090633333333333,0.097,0.084,0.0897,0.090233333333333
3465,0.0914,0.0866,0.084,0.087333333333333,0.091,0.086,0.0838,0.086933333333333
3467,0.092,0.0937,0.0877,0.091133333333333,0.0916,0.0931,0.0875,0.090733333333333
3480,0.0892,0.0901,0.0862,0.0885,0.0888,0.0895,0.0859,0.088066666666667
3482,0.0879,0.0851,0.0829,0.0853,0.0875,0.0846,0.0826,0.0849
3484,0.0903,0.0891,0.085,0.088133333333333,0.0899,0.0887,0.0847,0.087766666666667
3499,0.0953,0.0911,0.086,0.0908,0.0949,0.0906,0.0857,0.0904
3501,0.0987,0.0899,0.0858,0.091466666666667,0.0983,0.0894,0.0856,0.0911
3503,0.1079,0.0991,0.0893,0.098766666666667,0.1077,0.0985,0.0891,0.098433333333333
3523,0.1071,0.1032,0.0875,0.099266666666667,0.1069,0.1025,0.0874,0.098933333333333
3525,0.101,0.0977,0.0863,0.095,0.1008,0.097,0.0861,0.094633333333333
3527,0.1042,0.1066,0.0905,0.100433333333333,0.104,0.1059,0.0903,0.100066666666667
3538,0.0951,0.1035,0.0851,0.094566666666667,0.0949,0.1028,0.0848,0.094166666666667
3540,0.083,0.0907,0.0768,0.0835,0.0826,0.0902,0.0765,0.0831
3542,0.0789,0.094,0.0775,0.083466666666667,0.0785,0.0935,0.0771,0.083033333333333
3562,0.0839,0.1083,0.0813,0.091166666666667,0.0835,0.1079,0.0809,0.090766666666667
3564,0.0969,0.1287,0.0866,0.104066666666667,0.0966,0.1283,0.0862,0.1037
3566,0.1085,0.1522,0.0955,0.118733333333333,0.1082,0.1518,0.0951,0.118366666666667
3574,0.129,0.1756,0.1115,0.1387,0.1288,0.175,0.1112,0.138333333333333
3576,0.1246,0.1856,0.1182,0.1428,0.1242,0.1852,0.1179,0.142433333333333
3578,0.1424,0.2223,0.1382,0.167633333333333,0.142,0.2219,0.138,0.1673
3589,0.1432,0.2084,0.1408,0.164133333333333,0.1428,0.208,0.1404,0.163733333333333
3591,0.1455,0.192,0.1369,0.158133333333333,0.1451,0.1917,0.1365,0.157766666666667
3593,0.1557,0.2203,0.1469,0.1743,0.1554,0.2201,0.1464,0.173966666666667
3603,0.1419,0.2007,0.1408,0.161133333333333,0.1415,0.2003,0.1403,0.1607
3605,0.1667,0.2356,0.1546,0.185633333333333,0.1663,0.2349,0.1541,0.1851
3607,0.186,0.2681,0.1672,0.2071,0.1856,0.2673,0.1666,0.2065
3622,0.1748,0.2652,0.1634,0.201133333333333,0.1745,0.2645,0.1629,0.200633333333333
3624,0.1665,0.2363,0.1654,0.1894,0.1661,0.2355,0.1649,0.188833333333333
3626,0.1605,0.2389,0.167,0.1888,0.1602,0.2383,0.1667,0.1884
3644,0.172,0.2313,0.1674,0.190233333333333,0.1716,0.2306,0.1672,0.1898
3646,0.1879,0.2592,0.1782,0.208433333333333,0.1875,0.2587,0.1781,0.2081
3648,0.2098,0.2749,0.1891,0.2246,0.2094,0.2744,0.1891,0.2243
3656,0.193,0.2468,0.1715,0.203766666666667,0.1926,0.2463,0.1716,0.2035
3658,0.1606,0.226,0.1472,0.177933333333333,0.1602,0.2256,0.1472,0.177666666666667
3660,0.1496,0.2065,0.1386,0.1649,0.1493,0.2061,0.1385,0.164633333333333
3668,0.1339,0.176,0.1298,0.146566666666667,0.1335,0.1756,0.1298,0.1463
3670,0.1341,0.1676,0.1158,0.139166666666667,0.1338,0.1673,0.1158,0.138966666666667
3672,0.1346,0.1544,0.1214,0.1368,0.1343,0.1542,0.1214,0.136633333333333
3679,0.12,0.1306,0.1087,0.119766666666667,0.1197,0.1304,0.1088,0.119633333333333
3681,0.1165,0.121,0.1099,0.1158,0.1162,0.1208,0.11,0.115666666666667
3683,0.1119,0.1083,0.1044,0.1082,0.1117,0.1081,0.1045,0.1081
3698,0.1085,0.1044,0.1035,0.105466666666667,0.1083,0.1043,0.1036,0.1054
3700,0.1061,0.1008,0.0986,0.101833333333333,0.106,0.1007,0.0986,0.101766666666667
3710,0.1056,0.1008,0.1013,0.102566666666667,0.1055,0.1007,0.1014,0.102533333333333
3712,0.1005,0.0963,0.1011,0.0993,0.1004,0.0963,0.1012,0.0993
3714,0.1032,0.1001,0.1086,0.103966666666667,0.1032,0.1001,0.1087,0.104
3716,0.1049,0.1013,0.113,0.1064,0.1049,0.1013,0.1131,0.106433333333333
3723,0.0938,0.0939,0.104,0.097233333333333,0.0938,0.0938,0.1042,0.097266666666667
3725,0.0938,0.0944,0.097,0.095066666666667,0.0939,0.0944,0.0971,0.095133333333333
3727,0.0903,0.0928,0.0921,0.091733333333333,0.0905,0.0928,0.0922,0.091833333333333
3737,0.0822,0.0824,0.084,0.082866666666667,0.0825,0.0824,0.0841,0.083
3739,0.0824,0.0794,0.083,0.0816,0.0827,0.0794,0.0832,0.081766666666667
3749,0.0794,0.0751,0.079,0.077833333333333,0.0797,0.0751,0.0791,0.077966666666667
3751,0.0758,0.07,0.0737,0.073166666666667,0.0762,0.07,0.0739,0.073366666666667
3753,0.0774,0.0711,0.0754,0.074633333333333,0.0778,0.0712,0.0756,0.074866666666667
3755,0.0775,0.0697,0.0738,0.073666666666667,0.078,0.0698,0.074,0.073933333333333
3770,0.0749,0.0688,0.0713,0.071666666666667,0.0753,0.0689,0.0714,0.071866666666667
3772,0.0757,0.0718,0.0737,0.073733333333333,0.0761,0.0719,0.0738,0.073933333333333
3774,0.076,0.0735,0.0738,0.074433333333333,0.0763,0.0736,0.0739,0.0746
3782,0.0735,0.0703,0.0703,0.071366666666667,0.0737,0.0703,0.0704,0.071466666666667
3784,0.0723,0.0689,0.0697,0.0703,0.0725,0.0689,0.0698,0.0704
3786,0.0716,0.0671,0.0679,0.068866666666667,0.0717,0.067,0.068,0.0689
3802,0.0704,0.0637,0.0643,0.066133333333333,0.0706,0.0636,0.0643,0.066166666666667
3804,0.0697,0.0626,0.063,0.0651,0.0699,0.0626,0.0631,0.0652
3806,0.0709,0.0609,0.0608,0.0642,0.0711,0.0609,0.0609,0.0643
3813,0.0712,0.0599,0.0586,0.063233333333333,0.0715,0.06,0.0586,0.063366666666667
3815,0.0671,0.0607,0.0591,0.0623,0.0674,0.0608,0.0591,0.062433333333333
3817,0.0676,0.0616,0.0592,0.0628,0.0679,0.0617,0.0593,0.062966666666667
3834,0.0698,0.061,0.0606,0.0638,0.07,0.061,0.0607,0.0639
3836,0.0712,0.0607,0.0614,0.064433333333333,0.0713,0.0607,0.0614,0.064466666666667
3838,0.0746,0.062,0.0638,0.0668,0.0747,0.062,0.0638,0.066833333333333
3858,0.0745,0.0611,0.0632,0.066266666666667,0.0745,0.061,0.0632,0.066233333333333
3860,0.0761,0.0602,0.0618,0.066033333333333,0.0761,0.0602,0.0618,0.066033333333333
3862,0.0811,0.0605,0.0635,0.068366666666667,0.0811,0.0603,0.0634,0.068266666666667
3874,0.074,0.0588,0.0618,0.064866666666667,0.074,0.0587,0.0618,0.064833333333333
3876,0.0717,0.0579,0.0601,0.063233333333333,0.0718,0.0579,0.0601,0.063266666666667
3878,0.0708,0.0581,0.0614,0.063433333333333,0.071,0.0581,0.0614,0.0635
3884,0.0656,0.0576,0.0628,0.062,0.0657,0.0575,0.0628,0.062
3886,0.064,0.0579,0.0622,0.061366666666667,0.0641,0.0578,0.0622,0.061366666666667
3888,0.0657,0.0602,0.0667,0.0642,0.0658,0.0602,0.0666,0.0642
3894,0.0694,0.0613,0.0679,0.0662,0.0694,0.0612,0.0678,0.066133333333333
3896,0.0714,0.061,0.0688,0.067066666666667,0.0713,0.0609,0.0687,0.066966666666667
3898,0.0806,0.0646,0.073,0.072733333333333,0.0805,0.0644,0.0729,0.0726
3905,0.0777,0.0619,0.0674,0.069,0.0776,0.0617,0.0673,0.068866666666667
3907,0.0825,0.0615,0.066,0.07,0.0824,0.0613,0.066,0.0699
3909,0.0852,0.0624,0.0653,0.070966666666667,0.0852,0.0622,0.0652,0.070866666666667
3924,0.0743,0.0599,0.0639,0.066033333333333,0.0742,0.0597,0.0638,0.0659
3926,0.0749,0.0621,0.0658,0.0676,0.0748,0.0618,0.0656,0.0674
3936,0.0744,0.0617,0.0674,0.067833333333333,0.0744,0.0615,0.0672,0.0677
3938,0.0781,0.0601,0.0628,0.067,0.0781,0.0599,0.0626,0.066866666666667
3940,0.0728,0.0604,0.0631,0.065433333333333,0.0728,0.0602,0.0629,0.0653
3942,0.078,0.062,0.0623,0.067433333333333,0.078,0.0618,0.0621,0.0673
3957,0.0743,0.0626,0.0594,0.065433333333333,0.0744,0.0624,0.0592,0.065333333333333
3959,0.0804,0.0681,0.062,0.070166666666667,0.0804,0.0679,0.0617,0.07
3961,0.0841,0.0725,0.0638,0.073466666666667,0.0841,0.0724,0.0635,0.073333333333333
3969,0.0788,0.071,0.0623,0.0707,0.0788,0.0708,0.0619,0.0705
3971,0.0832,0.0761,0.0686,0.075966666666667,0.0832,0.076,0.0683,0.075833333333333
3973,0.0792,0.0744,0.0684,0.074,0.0791,0.0743,0.068,0.0738
3981,0.078,0.0738,0.066,0.0726,0.078,0.0738,0.0656,0.072466666666667
3983,0.086,0.0796,0.0725,0.079366666666667,0.086,0.0795,0.072,0.079166666666667
3985,0.0919,0.0848,0.0788,0.085166666666667,0.0921,0.0848,0.0783,0.085066666666667
3997,0.0892,0.0815,0.0749,0.081866666666667,0.0894,0.0815,0.0745,0.0818
3999,0.0835,0.076,0.0684,0.075966666666667,0.0837,0.076,0.068,0.0759
4001,0.0839,0.0746,0.0686,0.0757,0.0841,0.0746,0.0682,0.075633333333333
4016,0.079,0.0677,0.0658,0.070833333333333,0.0791,0.0677,0.0655,0.070766666666667
4018,0.0728,0.0642,0.0621,0.066366666666667,0.0729,0.0641,0.0618,0.066266666666667
4020,0.0711,0.0631,0.0652,0.066466666666667,0.0712,0.0631,0.065,0.066433333333333
4040,0.0689,0.0633,0.0644,0.065533333333333,0.069,0.0633,0.0643,0.065533333333333
4042,0.0674,0.0642,0.0615,0.064366666666667,0.0676,0.0643,0.0613,0.0644
4044,0.068,0.0673,0.0618,0.0657,0.0682,0.0673,0.0615,0.065666666666667
4059,0.0706,0.067,0.0632,0.066933333333333,0.0709,0.0671,0.063,0.067
4061,0.0714,0.0677,0.0651,0.068066666666667,0.0717,0.0678,0.0649,0.068133333333333
4063,0.0757,0.0709,0.0685,0.0717,0.0761,0.0711,0.0683,0.071833333333333
4076,0.0743,0.069,0.0666,0.069966666666667,0.0747,0.0692,0.0664,0.0701
4078,0.0741,0.0665,0.0646,0.0684,0.0744,0.0667,0.0645,0.068533333333333
4080,0.0749,0.0671,0.0652,0.069066666666667,0.0753,0.0673,0.0652,0.069266666666667
4095,0.0744,0.0666,0.0653,0.068766666666667,0.0748,0.0668,0.0654,0.069
4097,0.0733,0.0646,0.0651,0.067666666666667,0.0737,0.0648,0.0651,0.067866666666667
4099,0.0753,0.0655,0.068,0.0696,0.0757,0.0658,0.0681,0.069866666666667
4114,0.0752,0.0661,0.0692,0.070166666666667,0.0758,0.0664,0.0694,0.070533333333333
4116,0.0739,0.0658,0.0682,0.0693,0.0745,0.0661,0.0683,0.069633333333333
4118,0.0758,0.0689,0.0728,0.0725,0.0765,0.0692,0.073,0.0729
4136,0.0776,0.0707,0.0725,0.0736,0.0783,0.0711,0.0726,0.074
4138,0.0754,0.069,0.0691,0.071166666666667,0.0761,0.0693,0.0693,0.071566666666667
4140,0.0768,0.0702,0.0707,0.072566666666667,0.0775,0.0705,0.0709,0.072966666666667
4155,0.0771,0.0715,0.0714,0.073333333333333,0.0779,0.0719,0.0716,0.0738
4157,0.0811,0.0749,0.0767,0.077566666666667,0.0819,0.0753,0.077,0.078066666666667
4159,0.0845,0.0783,0.0823,0.0817,0.0853,0.0787,0.0826,0.0822
4162,0.0809,0.077,0.0803,0.0794,0.0818,0.0774,0.0806,0.079933333333333
4164,0.0832,0.0727,0.0776,0.077833333333333,0.084,0.0729,0.0779,0.078266666666667
4166,0.084,0.0746,0.0799,0.0795,0.0847,0.0748,0.0802,0.0799
4173,0.08,0.0712,0.0753,0.0755,0.0807,0.0714,0.0756,0.0759
4175,0.0791,0.0733,0.0767,0.076366666666667,0.0798,0.0734,0.0769,0.0767
4177,0.0788,0.073,0.0749,0.075566666666667,0.0794,0.0731,0.0751,0.075866666666667
4183,0.0796,0.0691,0.0741,0.074266666666667,0.0802,0.0691,0.0743,0.074533333333333
4185,0.0829,0.0695,0.08,0.077466666666667,0.0835,0.0696,0.0801,0.077733333333333
4187,0.088,0.0691,0.0851,0.080733333333333,0.0885,0.0691,0.0851,0.0809
4202,0.0878,0.0677,0.0852,0.080233333333333,0.0883,0.0677,0.0851,0.080366666666667
4204,0.0879,0.0677,0.0823,0.0793,0.0884,0.0677,0.0823,0.079466666666667
4206,0.0906,0.0681,0.0834,0.0807,0.0912,0.0682,0.0834,0.080933333333333
4219,0.0906,0.0661,0.0791,0.0786,0.0911,0.0663,0.0791,0.078833333333333
4221,0.0862,0.0642,0.0732,0.074533333333333,0.0867,0.0643,0.0733,0.074766666666667
4223,0.088,0.0629,0.0704,0.073766666666667,0.0885,0.063,0.0705,0.074
4243,0.0895,0.0625,0.0704,0.074133333333333,0.0898,0.0625,0.0704,0.074233333333333
4245,0.085,0.0632,0.0702,0.0728,0.0853,0.0633,0.0703,0.072966666666667
4247,0.0865,0.0635,0.0711,0.0737,0.0867,0.0635,0.0711,0.073766666666667
4262,0.0914,0.0646,0.0735,0.0765,0.0916,0.0646,0.0735,0.076566666666667
4264,0.0943,0.0658,0.0752,0.078433333333333,0.0947,0.0658,0.0753,0.0786
4266,0.1007,0.0682,0.0795,0.0828,0.101,0.0682,0.0795,0.0829
4286,0.1078,0.0697,0.0802,0.0859,0.1081,0.0697,0.0803,0.086033333333333
4288,0.1069,0.0666,0.0764,0.0833,0.1073,0.0666,0.0765,0.083466666666667
4290,0.1205,0.0677,0.0771,0.088433333333333,0.1209,0.0677,0.0772,0.0886
4297,0.131,0.067,0.0748,0.090933333333333,0.1313,0.0669,0.0749,0.091033333333333
4299,0.1318,0.0648,0.0721,0.089566666666667,0.1321,0.0648,0.0721,0.089666666666667
4301,0.1578,0.0651,0.0712,0.098033333333333,0.158,0.065,0.0713,0.0981
4312,0.1376,0.0669,0.0724,0.0923,0.1377,0.0668,0.0724,0.0923
4314,0.1388,0.0686,0.0755,0.0943,0.1389,0.0685,0.0756,0.094333333333333
4316,0.1314,0.0721,0.0785,0.094,0.1314,0.0719,0.0785,0.093933333333333
4331,0.1336,0.0731,0.0776,0.094766666666667,0.1337,0.0729,0.0776,0.094733333333333
4333,0.1525,0.073,0.0788,0.101433333333333,0.1526,0.0728,0.0788,0.1014
4335,0.1831,0.0765,0.0815,0.1137,0.1832,0.0763,0.0815,0.113666666666667
4343,0.1864,0.0757,0.0786,0.113566666666667,0.1864,0.0754,0.0786,0.113466666666667
4345,0.1699,0.0718,0.0754,0.1057,0.1698,0.0716,0.0753,0.105566666666667
4347,0.1895,0.0738,0.0757,0.113,0.1893,0.0736,0.0755,0.1128
4362,0.1659,0.077,0.077,0.106633333333333,0.1656,0.0768,0.0768,0.1064
4364,0.1458,0.077,0.0775,0.1001,0.1454,0.0767,0.0774,0.099833333333333
4366,0.1478,0.0848,0.0841,0.105566666666667,0.1474,0.0846,0.084,0.105333333333333
4379,0.1385,0.0884,0.0894,0.105433333333333,0.1381,0.0881,0.0893,0.105166666666667
4381,0.1254,0.0864,0.0885,0.1001,0.1253,0.086,0.0884,0.0999
4383,0.1473,0.094,0.0976,0.112966666666667,0.1473,0.0936,0.0975,0.1128
4393,0.1416,0.0968,0.0993,0.112566666666667,0.1416,0.0965,0.0991,0.1124
4395,0.1267,0.0918,0.093,0.103833333333333,0.1268,0.0915,0.0928,0.1037
4397,0.1375,0.0987,0.1006,0.112266666666667,0.1376,0.0984,0.1003,0.1121
4415,0.1229,0.1028,0.1041,0.109933333333333,0.123,0.1024,0.1036,0.109666666666667
4417,0.109,0.1011,0.1015,0.103866666666667,0.109,0.1006,0.1011,0.103566666666667
4419,0.1041,0.1089,0.1131,0.1087,0.104,0.1084,0.1127,0.108366666666667
4426,0.0967,0.1088,0.1118,0.105766666666667,0.0966,0.1083,0.1114,0.105433333333333
4428,0.0925,0.0907,0.0948,0.092666666666667,0.0923,0.0902,0.0944,0.0923
4430,0.093,0.0894,0.0995,0.093966666666667,0.0928,0.0888,0.0991,0.093566666666667
4440,0.0861,0.0832,0.0906,0.086633333333333,0.0859,0.0826,0.0902,0.086233333333333
4442,0.0856,0.0833,0.0829,0.083933333333333,0.0853,0.0828,0.0825,0.083533333333333
4444,0.084,0.082,0.0814,0.082466666666667,0.0837,0.0815,0.081,0.082066666666667
4451,0.0789,0.0753,0.0692,0.074466666666667,0.0786,0.0748,0.0689,0.0741
4453,0.0746,0.0738,0.0644,0.070933333333333,0.0743,0.0733,0.0641,0.070566666666667
4455,0.0733,0.0723,0.0619,0.069166666666667,0.073,0.0718,0.0616,0.0688
4470,0.0734,0.0736,0.0643,0.070433333333333,0.0732,0.0732,0.064,0.070133333333333
4472,0.0768,0.0791,0.0718,0.0759,0.0766,0.0787,0.0716,0.075633333333333
4474,0.0776,0.081,0.0739,0.0775,0.0774,0.0807,0.0737,0.077266666666667
4481,0.0746,0.0762,0.0716,0.074133333333333,0.0745,0.0759,0.0714,0.073933333333333
4493,0.0794,0.08,0.0763,0.078566666666667,0.0793,0.0798,0.0763,0.078466666666667
4495,0.0862,0.0846,0.0802,0.083666666666667,0.0862,0.0843,0.0802,0.083566666666667
4513,0.0919,0.0912,0.0856,0.089566666666667,0.0919,0.0909,0.0856,0.089466666666667
4515,0.0904,0.0907,0.0843,0.088466666666667,0.0904,0.0904,0.0844,0.0884
4517,0.0969,0.0981,0.0891,0.0947,0.0969,0.0977,0.0891,0.094566666666667
4530,0.1018,0.1029,0.0925,0.099066666666667,0.1018,0.1026,0.0925,0.098966666666667
4542,0.0958,0.0983,0.0906,0.0949,0.0958,0.098,0.0905,0.094766666666667
4544,0.1006,0.1007,0.0947,0.098666666666667,0.1005,0.1003,0.0946,0.098466666666667
4557,0.1047,0.1057,0.0998,0.1034,0.1046,0.1052,0.0996,0.103133333333333
4559,0.1038,0.1086,0.099,0.1038,0.1036,0.1082,0.0988,0.103533333333333
4561,0.1069,0.1135,0.1041,0.108166666666667,0.1068,0.1131,0.104,0.107966666666667
4572,0.1087,0.1062,0.1097,0.1082,0.1085,0.1056,0.1095,0.107866666666667
4574,0.1058,0.1,0.1021,0.102633333333333,0.1055,0.0994,0.1019,0.102266666666667
4576,0.1126,0.1026,0.1112,0.1088,0.1122,0.102,0.111,0.1084
4586,0.1008,0.0948,0.0933,0.0963,0.1004,0.0943,0.0931,0.095933333333333
4588,0.1014,0.0944,0.0933,0.096366666666667,0.101,0.0939,0.093,0.095966666666667
4590,0.0938,0.0887,0.0825,0.088333333333333,0.0934,0.0883,0.0821,0.087933333333333
4601,0.0859,0.0831,0.0762,0.081733333333333,0.0855,0.0826,0.0758,0.0813
4603,0.0772,0.077,0.0695,0.074566666666667,0.0768,0.0764,0.0691,0.0741
4605,0.0742,0.0746,0.0686,0.072466666666667,0.0738,0.0741,0.0682,0.072033333333333
4620,0.0739,0.074,0.0688,0.072233333333333,0.0735,0.0734,0.0683,0.071733333333333
4622,0.0714,0.0724,0.0666,0.070133333333333,0.071,0.0718,0.0662,0.069666666666667
4624,0.0743,0.0729,0.0686,0.071933333333333,0.0739,0.0723,0.0682,0.071466666666667
4634,0.0717,0.0733,0.068,0.071,0.0713,0.0727,0.0675,0.0705
4636,0.0826,0.0779,0.076,0.078833333333333,0.0823,0.0772,0.0756,0.078366666666667
4638,0.0797,0.0794,0.0757,0.078266666666667,0.0793,0.0787,0.0753,0.077766666666667
4648,0.0746,0.0784,0.0749,0.075966666666667,0.0742,0.0777,0.0744,0.075433333333333
4650,0.0782,0.0818,0.0794,0.0798,0.0778,0.0811,0.079,0.0793
4652,0.0827,0.0842,0.0849,0.083933333333333,0.0824,0.0836,0.0845,0.0835
4670,0.0803,0.0848,0.0854,0.0835,0.08,0.0841,0.085,0.083033333333333
4672,0.0805,0.0883,0.0862,0.085,0.0802,0.0875,0.0857,0.084466666666667
4674,0.0869,0.0935,0.0924,0.090933333333333,0.0865,0.0927,0.0919,0.090366666666667
4684,0.0798,0.0877,0.0852,0.084233333333333,0.0794,0.0868,0.0847,0.083633333333333
4686,0.0699,0.0797,0.075,0.074866666666667,0.0693,0.0789,0.0744,0.0742
4688,0.0668,0.0762,0.0712,0.0714,0.0662,0.0753,0.0707,0.070733333333333
4699,0.0604,0.0704,0.0652,0.065333333333333,0.0598,0.0696,0.0647,0.0647
4701,0.0594,0.0698,0.0642,0.064466666666667,0.0588,0.0691,0.0637,0.063866666666667
4703,0.0563,0.0659,0.0612,0.061133333333333,0.0557,0.0652,0.0608,0.060566666666667
4718,0.0582,0.0661,0.0623,0.0622,0.0577,0.0654,0.0619,0.061666666666667
4720,0.0582,0.0651,0.0621,0.0618,0.0577,0.0644,0.0617,0.061266666666667
4722,0.0632,0.068,0.0667,0.065966666666667,0.0627,0.0674,0.0664,0.0655
4738,0.0612,0.0655,0.0637,0.063466666666667,0.0607,0.0648,0.0634,0.062966666666667
4740,0.0638,0.0749,0.0644,0.0677,0.0633,0.0742,0.064,0.067166666666667
4742,0.0637,0.081,0.0639,0.069533333333333,0.0633,0.0804,0.0636,0.0691
4749,0.0624,0.0853,0.0609,0.069533333333333,0.062,0.0847,0.0606,0.0691
4751,0.0586,0.0868,0.0578,0.067733333333333,0.0581,0.0862,0.0575,0.067266666666667
4753,0.0602,0.0909,0.0576,0.069566666666667,0.0598,0.0904,0.0573,0.069166666666667
4768,0.0653,0.0927,0.06,0.072666666666667,0.0649,0.0922,0.0597,0.072266666666667
4770,0.0713,0.0911,0.0641,0.0755,0.0709,0.0907,0.0638,0.075133333333333
4772,0.0748,0.0923,0.0657,0.0776,0.0745,0.092,0.0655,0.077333333333333
4779,0.0719,0.091,0.0648,0.0759,0.0716,0.0906,0.0646,0.0756
4781,0.0774,0.0991,0.0683,0.0816,0.077,0.0988,0.0681,0.0813
4783,0.0816,0.1032,0.0713,0.085366666666667,0.0813,0.1029,0.0712,0.085133333333333
4798,0.0797,0.0995,0.0756,0.084933333333333,0.0794,0.0992,0.0755,0.0847
4800,0.076,0.0965,0.0771,0.0832,0.0758,0.0963,0.077,0.083033333333333
4802,0.0884,0.0994,0.0856,0.091133333333333,0.0882,0.0993,0.0855,0.091
4809,0.0856,0.092,0.0834,0.087,0.0855,0.0918,0.0833,0.086866666666667
4811,0.078,0.0841,0.0769,0.079666666666667,0.0778,0.0838,0.0767,0.079433333333333
4813,0.0816,0.0817,0.0767,0.08,0.0814,0.0813,0.0765,0.079733333333333
4816,0.0694,0.0686,0.0669,0.0683,0.0692,0.0682,0.0668,0.068066666666667
4818,0.0654,0.0662,0.0637,0.0651,0.0651,0.0658,0.0636,0.064833333333333
4828,0.064,0.0637,0.0621,0.063266666666667,0.0636,0.0632,0.0619,0.0629
4830,0.0546,0.0578,0.0554,0.055933333333333,0.0542,0.0574,0.0553,0.055633333333333
4832,0.0578,0.0568,0.0542,0.056266666666667,0.0575,0.0565,0.054,0.056
4834,0.0534,0.0547,0.052,0.053366666666667,0.0531,0.0544,0.0519,0.053133333333333
4847,0.0542,0.0564,0.0537,0.054766666666667,0.0539,0.0562,0.0536,0.054566666666667
4849,0.0531,0.0569,0.053,0.054333333333333,0.0528,0.0568,0.053,0.0542
4851,0.0542,0.0624,0.0538,0.0568,0.054,0.0624,0.0538,0.056733333333333
4857,0.049,0.056,0.0508,0.051933333333333,0.0488,0.0559,0.0508,0.051833333333333
4859,0.0495,0.0569,0.0522,0.052866666666667,0.0494,0.0569,0.0523,0.052866666666667
4861,0.0464,0.0519,0.0507,0.049666666666667,0.0462,0.0519,0.0508,0.049633333333333
4867,0.0454,0.0494,0.0499,0.048233333333333,0.0452,0.0494,0.05,0.0482
4869,0.0455,0.0486,0.0508,0.0483,0.0452,0.0486,0.051,0.048266666666667
4871,0.0454,0.0484,0.0502,0.048,0.0451,0.0484,0.0504,0.047966666666667
4888,0.0471,0.0493,0.0516,0.049333333333333,0.0468,0.0494,0.0519,0.049366666666667
4890,0.0499,0.0515,0.0527,0.051366666666667,0.0496,0.0516,0.053,0.0514
4892,0.0509,0.0521,0.0524,0.0518,0.0506,0.0522,0.0528,0.051866666666667
4904,0.0542,0.0572,0.0551,0.0555,0.0539,0.0572,0.0556,0.055566666666667
4906,0.0599,0.064,0.0599,0.061266666666667,0.0596,0.064,0.0603,0.0613
4908,0.0667,0.0739,0.066,0.068866666666667,0.0665,0.0739,0.0665,0.068966666666667
4918,0.0715,0.0808,0.0685,0.0736,0.0712,0.0808,0.0691,0.0737
4920,0.0799,0.092,0.0776,0.083166666666667,0.0797,0.092,0.0782,0.0833
4930,0.0887,0.1036,0.0856,0.092633333333333,0.0885,0.1036,0.0862,0.092766666666667
4932,0.0918,0.108,0.087,0.0956,0.0915,0.1079,0.0876,0.095666666666667
4934,0.0903,0.1055,0.086,0.093933333333333,0.09,0.1054,0.0867,0.094033333333333
4936,0.0971,0.1135,0.0914,0.100666666666667,0.0968,0.1134,0.092,0.100733333333333
4949,0.0927,0.1068,0.0871,0.095533333333333,0.0923,0.1067,0.0877,0.095566666666667
4951,0.0823,0.0931,0.078,0.084466666666667,0.082,0.093,0.0785,0.0845
4953,0.0807,0.0901,0.0775,0.082766666666667,0.0803,0.0899,0.078,0.082733333333333
4956,0.0743,0.0821,0.073,0.076466666666667,0.074,0.0819,0.0735,0.076466666666667
4958,0.0716,0.0786,0.0711,0.073766666666667,0.0713,0.0785,0.0717,0.073833333333333
4960,0.0699,0.0762,0.071,0.072366666666667,0.0696,0.0761,0.0715,0.0724
4977,0.0599,0.0643,0.0618,0.062,0.0596,0.0643,0.0622,0.062033333333333
4979,0.0582,0.0628,0.0612,0.060733333333333,0.0579,0.0627,0.0616,0.060733333333333
4981,0.0529,0.0562,0.0573,0.055466666666667,0.0527,0.0562,0.0576,0.0555
4993,0.0521,0.0552,0.0588,0.055366666666667,0.0519,0.0552,0.0591,0.0554
4995,0.048,0.0518,0.0569,0.052233333333333,0.0478,0.0518,0.0571,0.052233333333333
4997,0.0494,0.053,0.0577,0.053366666666667,0.0493,0.0531,0.0579,0.053433333333333
5010,0.0469,0.0523,0.0566,0.051933333333333,0.0468,0.0524,0.0567,0.051966666666667
5012,0.0475,0.0561,0.0583,0.053966666666667,0.0474,0.056,0.0584,0.053933333333333
5014,0.0452,0.0528,0.0562,0.0514,0.045,0.0527,0.0563,0.051333333333333
5025,0.0459,0.0516,0.0545,0.050666666666667,0.0457,0.0515,0.0545,0.050566666666667
5027,0.0456,0.0531,0.0525,0.0504,0.0453,0.0531,0.0526,0.050333333333333
5029,0.0447,0.0528,0.0509,0.049466666666667,0.0444,0.0528,0.0509,0.049366666666667
5039,0.0443,0.0511,0.0509,0.048766666666667,0.0439,0.051,0.0508,0.048566666666667
5041,0.0444,0.0522,0.049,0.048533333333333,0.0441,0.052,0.0489,0.048333333333333
5043,0.0437,0.0521,0.0483,0.048033333333333,0.0433,0.0518,0.0482,0.047766666666667
5058,0.0437,0.0515,0.0475,0.047566666666667,0.0433,0.0511,0.0473,0.047233333333333
5060,0.045,0.0525,0.0494,0.048966666666667,0.0446,0.0521,0.0492,0.048633333333333
5062,0.0456,0.0524,0.0497,0.049233333333333,0.0451,0.0519,0.0494,0.0488
5072,0.0463,0.0536,0.0506,0.050166666666667,0.0457,0.053,0.0502,0.049633333333333
5074,0.0479,0.0534,0.0522,0.051166666666667,0.0472,0.0528,0.0518,0.0506
5076,0.049,0.0557,0.0547,0.053133333333333,0.0483,0.055,0.0542,0.0525
5088,0.0517,0.0582,0.0571,0.055666666666667,0.051,0.0575,0.0565,0.055
5090,0.0557,0.0631,0.0607,0.059833333333333,0.055,0.0623,0.0602,0.059166666666667
5092,0.0607,0.0688,0.0644,0.064633333333333,0.06,0.0679,0.0639,0.063933333333333
5109,0.0635,0.071,0.0669,0.067133333333333,0.0628,0.0702,0.0663,0.066433333333333
5111,0.0638,0.0702,0.0671,0.067033333333333,0.0631,0.0693,0.0666,0.066333333333333
5113,0.0682,0.0737,0.0709,0.070933333333333,0.0675,0.0728,0.0704,0.070233333333333
5131,0.068,0.0713,0.0689,0.0694,0.0674,0.0705,0.0684,0.068766666666667
5133,0.0719,0.0744,0.0729,0.073066666666667,0.0713,0.0737,0.0725,0.0725
5135,0.0729,0.0743,0.072,0.073066666666667,0.0724,0.0737,0.0716,0.072566666666667
5141,0.0798,0.0795,0.0768,0.0787,0.0793,0.0789,0.0764,0.0782
5143,0.0811,0.0812,0.0763,0.079533333333333,0.0806,0.0805,0.0758,0.078966666666667
5145,0.0907,0.0873,0.0804,0.086133333333333,0.0903,0.0867,0.0799,0.085633333333333
5152,0.0944,0.0845,0.0776,0.0855,0.0944,0.0838,0.0772,0.085133333333333
5154,0.1266,0.0925,0.0832,0.100766666666667,0.1269,0.0917,0.0827,0.100433333333333
5156,0.1661,0.0985,0.0871,0.117233333333333,0.1666,0.0977,0.0867,0.117
5166,0.1454,0.0962,0.0852,0.108933333333333,0.1458,0.0954,0.0849,0.1087
5168,0.1098,0.092,0.0805,0.0941,0.1101,0.0912,0.0802,0.093833333333333
5170,0.0902,0.0901,0.0782,0.086166666666667,0.0902,0.0893,0.078,0.085833333333333
5185,0.0927,0.091,0.084,0.089233333333333,0.0929,0.0905,0.0837,0.089033333333333
5187,0.0857,0.0889,0.0851,0.086566666666667,0.0856,0.0886,0.0849,0.086366666666667
5189,0.0867,0.0896,0.0887,0.088333333333333,0.0866,0.0894,0.0885,0.088166666666667
5199,0.0839,0.088,0.0864,0.0861,0.0837,0.0878,0.0862,0.0859
5201,0.0868,0.0918,0.0914,0.09,0.0867,0.0916,0.0912,0.089833333333333
5203,0.0876,0.0937,0.0918,0.091033333333333,0.0875,0.0934,0.0917,0.090866666666667
5218,0.0956,0.1014,0.1002,0.099066666666667,0.0955,0.1011,0.1001,0.0989
5220,0.0967,0.0993,0.0981,0.098033333333333,0.0967,0.099,0.098,0.0979
5222,0.1054,0.1068,0.1064,0.1062,0.1055,0.1064,0.1064,0.1061
5237,0.1144,0.1141,0.1113,0.113266666666667,0.1145,0.1137,0.1112,0.113133333333333
5239,0.1252,0.1335,0.1253,0.128,0.1252,0.1331,0.1252,0.127833333333333
5241,0.1378,0.1485,0.1353,0.140533333333333,0.1379,0.1482,0.1352,0.140433333333333
5244,0.127,0.1427,0.1317,0.1338,0.127,0.1423,0.1316,0.133633333333333
5246,0.1341,0.1522,0.1387,0.141666666666667,0.1342,0.1518,0.1386,0.141533333333333
5248,0.1322,0.1542,0.1402,0.1422,0.1323,0.1538,0.1399,0.142
5268,0.1145,0.1336,0.1234,0.123833333333333,0.1145,0.1332,0.1232,0.123633333333333
5270,0.1089,0.1271,0.1165,0.1175,0.1089,0.1266,0.1162,0.117233333333333
5280,0.0994,0.1142,0.1058,0.106466666666667,0.0994,0.1137,0.1055,0.1062
5282,0.0982,0.1125,0.1025,0.1044,0.0982,0.1122,0.1024,0.104266666666667
5284,0.0875,0.0975,0.0919,0.0923,0.0875,0.0974,0.0919,0.092266666666667
5286,0.0903,0.1024,0.0927,0.095133333333333,0.0903,0.1025,0.0927,0.095166666666667
5293,0.0805,0.0928,0.0807,0.084666666666667,0.0805,0.0929,0.0809,0.084766666666667
5295,0.0888,0.102,0.0847,0.091833333333333,0.0887,0.1022,0.0849,0.091933333333333
5297,0.0904,0.1066,0.0828,0.093266666666667,0.0903,0.1068,0.083,0.093366666666667
5307,0.0929,0.1114,0.0854,0.096566666666667,0.0928,0.1115,0.0857,0.096666666666667
5309,0.1002,0.1179,0.092,0.103366666666667,0.1002,0.1181,0.0923,0.103533333333333
5311,0.1062,0.1299,0.0973,0.111133333333333,0.1061,0.13,0.0977,0.111266666666667
5322,0.0929,0.1163,0.0838,0.097666666666667,0.0928,0.1163,0.0843,0.0978
5324,0.087,0.1129,0.0799,0.093266666666667,0.0869,0.1128,0.0804,0.093366666666667
5326,0.0847,0.1089,0.0736,0.089066666666667,0.0847,0.1086,0.0742,0.089166666666667
5339,0.0782,0.0938,0.0721,0.081366666666667,0.0782,0.0935,0.0726,0.081433333333333
5341,0.0735,0.0921,0.0734,0.079666666666667,0.0734,0.0918,0.0738,0.079666666666667
5343,0.0658,0.0796,0.0688,0.0714,0.0656,0.0793,0.0691,0.071333333333333
5350,0.0636,0.0743,0.0664,0.0681,0.0634,0.074,0.0668,0.068066666666667
5352,0.061,0.0673,0.0634,0.0639,0.0608,0.0672,0.0637,0.0639
5354,0.0616,0.0706,0.0637,0.0653,0.0614,0.0706,0.0639,0.0653
5374,0.0637,0.0785,0.0654,0.0692,0.0634,0.0785,0.0656,0.069166666666667
5376,0.0625,0.0774,0.0632,0.0677,0.0621,0.0774,0.0634,0.067633333333333
5378,0.0647,0.083,0.0648,0.070833333333333,0.0643,0.083,0.0648,0.0707
5394,0.0711,0.0869,0.0711,0.076366666666667,0.0707,0.0868,0.0712,0.076233333333333
5396,0.0957,0.0969,0.0902,0.094266666666667,0.0954,0.0968,0.0903,0.094166666666667
5406,0.099,0.1043,0.0966,0.099966666666667,0.0987,0.1041,0.0968,0.099866666666667
5408,0.0805,0.0981,0.082,0.086866666666667,0.0801,0.0979,0.082,0.086666666666667
5410,0.0795,0.0989,0.0817,0.0867,0.0792,0.0987,0.0817,0.086533333333333
5412,0.0936,0.1013,0.0885,0.094466666666667,0.0933,0.1011,0.0885,0.0943
5415,0.0884,0.0922,0.0831,0.0879,0.0881,0.0921,0.0829,0.0877
5417,0.0709,0.0855,0.0713,0.0759,0.0706,0.0854,0.0711,0.0757
5419,0.0667,0.0799,0.0677,0.071433333333333,0.0664,0.0799,0.0676,0.0713
5436,0.0669,0.0796,0.0677,0.0714,0.0667,0.0795,0.0677,0.0713
5438,0.0673,0.0814,0.0686,0.072433333333333,0.0671,0.0815,0.0686,0.0724
5440,0.0681,0.0806,0.0692,0.072633333333333,0.068,0.0807,0.0693,0.072666666666667
5446,0.0647,0.0757,0.0681,0.0695,0.0645,0.0759,0.0682,0.069533333333333
5448,0.0661,0.0753,0.0691,0.070166666666667,0.066,0.0754,0.0692,0.0702
5450,0.063,0.0716,0.0691,0.0679,0.0628,0.0718,0.0692,0.067933333333333
5470,0.0667,0.0735,0.0743,0.0715,0.0666,0.0735,0.0743,0.071466666666667
5472,0.0671,0.074,0.0755,0.0722,0.0669,0.0739,0.0755,0.0721
5474,0.0737,0.082,0.0821,0.079266666666667,0.0736,0.0818,0.0821,0.079166666666667
5484,0.0684,0.0767,0.0764,0.073833333333333,0.0683,0.0765,0.0764,0.073733333333333
5486,0.0707,0.0801,0.0772,0.076,0.0707,0.08,0.0773,0.076
5488,0.0691,0.0795,0.0758,0.0748,0.069,0.0794,0.0759,0.074766666666667
5500,0.0684,0.0787,0.0749,0.074,0.0683,0.0786,0.0749,0.073933333333333
5502,0.0663,0.0766,0.0725,0.0718,0.0662,0.0764,0.0726,0.071733333333333
5504,0.0682,0.0792,0.0731,0.0735,0.0681,0.079,0.0731,0.0734
5510,0.0697,0.0805,0.0743,0.074833333333333,0.0695,0.0803,0.0743,0.0747
5512,0.0759,0.0845,0.0782,0.079533333333333,0.0758,0.0842,0.0781,0.079366666666667
5514,0.0767,0.0855,0.0779,0.080033333333333,0.0766,0.0852,0.0779,0.0799
5527,0.0776,0.087,0.0796,0.0814,0.0774,0.0866,0.0796,0.0812
5539,0.1037,0.0939,0.0907,0.0961,0.1036,0.0935,0.0906,0.0959
5541,0.1232,0.1003,0.0987,0.1074,0.123,0.0998,0.0986,0.107133333333333
5559,0.1221,0.1041,0.1004,0.108866666666667,0.122,0.1037,0.1004,0.1087
5561,0.1077,0.1033,0.0978,0.102933333333333,0.1077,0.1028,0.0978,0.102766666666667
5563,0.11,0.1078,0.1016,0.106466666666667,0.1099,0.1073,0.1016,0.106266666666667
5578,0.1112,0.1089,0.1017,0.107266666666667,0.1112,0.1084,0.1018,0.107133333333333
5590,0.1053,0.101,0.0924,0.099566666666667,0.1053,0.1006,0.0925,0.099466666666667
5592,0.1096,0.1012,0.0929,0.101233333333333,0.1096,0.1009,0.093,0.101166666666667
5598,0.1042,0.0999,0.0909,0.098333333333333,0.1042,0.0996,0.0911,0.0983
5600,0.0968,0.0988,0.0894,0.095,0.0968,0.0986,0.0896,0.095
5602,0.0956,0.0995,0.0898,0.094966666666667,0.0957,0.0993,0.09,0.095
5609,0.0826,0.0889,0.0818,0.084433333333333,0.0826,0.0887,0.0819,0.0844
5611,0.0819,0.0875,0.0807,0.083366666666667,0.0819,0.0874,0.0809,0.0834
5613,0.0746,0.0801,0.0756,0.076766666666667,0.0745,0.08,0.0758,0.076766666666667
5626,0.0703,0.0748,0.0727,0.0726,0.0701,0.0747,0.0727,0.0725
5628,0.0644,0.0716,0.0712,0.069066666666667,0.0642,0.0715,0.0712,0.068966666666667
5630,0.06,0.0665,0.0669,0.064466666666667,0.0598,0.0663,0.0669,0.064333333333333
5645,0.0544,0.0577,0.057,0.056366666666667,0.0541,0.0575,0.057,0.0562
5647,0.0554,0.0598,0.0588,0.058,0.0551,0.0597,0.0588,0.057866666666667
5649,0.0579,0.0599,0.0595,0.0591,0.0576,0.0599,0.0594,0.058966666666667
5652,0.0528,0.0573,0.0571,0.055733333333333,0.0525,0.0572,0.0571,0.0556
5654,0.0514,0.0567,0.0548,0.0543,0.0511,0.0565,0.0547,0.0541
5656,0.052,0.0582,0.0566,0.0556,0.0517,0.058,0.0566,0.055433333333333
5676,0.0523,0.0587,0.0564,0.0558,0.052,0.0585,0.0562,0.055566666666667
5678,0.055,0.0628,0.0615,0.059766666666667,0.0547,0.0626,0.0614,0.059566666666667
5680,0.0548,0.0616,0.0607,0.059033333333333,0.0544,0.0614,0.0605,0.058766666666667
5698,0.0543,0.0619,0.0606,0.058933333333333,0.054,0.0617,0.0604,0.0587
5700,0.0538,0.0615,0.0585,0.057933333333333,0.0534,0.0613,0.0582,0.057633333333333
5702,0.0545,0.0628,0.059,0.058766666666667,0.0541,0.0625,0.0588,0.058466666666667
5718,0.0588,0.0674,0.0624,0.062866666666667,0.0584,0.067,0.0621,0.0625
5720,0.0615,0.0705,0.0645,0.0655,0.0611,0.0703,0.0642,0.0652
5722,0.0661,0.0756,0.068,0.0699,0.0657,0.0754,0.0677,0.0696
5732,0.0682,0.0786,0.0687,0.071833333333333,0.0678,0.0784,0.0684,0.071533333333333
5734,0.0746,0.0833,0.0736,0.077166666666667,0.0742,0.083,0.0733,0.076833333333333
5736,0.0804,0.0889,0.0775,0.082266666666667,0.08,0.0887,0.0772,0.081966666666667
5742,0.0857,0.0951,0.081,0.087266666666667,0.0855,0.0949,0.0807,0.087033333333333
5744,0.0911,0.1009,0.085,0.092333333333333,0.0909,0.1008,0.0848,0.092166666666667
5746,0.099,0.1097,0.09,0.099566666666667,0.0989,0.1096,0.0899,0.099466666666667
5756,0.1104,0.118,0.0969,0.108433333333333,0.1104,0.1179,0.0967,0.108333333333333
5758,0.12,0.1205,0.101,0.113833333333333,0.12,0.1204,0.1007,0.1137
5760,0.1396,0.1318,0.1119,0.127766666666667,0.1396,0.1317,0.1116,0.127633333333333
5778,0.1311,0.1296,0.1087,0.123133333333333,0.1311,0.1294,0.1084,0.122966666666667
5780,0.1465,0.1438,0.1221,0.137466666666667,0.1466,0.1436,0.1217,0.1373
5782,0.1492,0.1517,0.1289,0.143266666666667,0.1492,0.1515,0.1285,0.143066666666667
5800,0.142,0.1524,0.126,0.140133333333333,0.1419,0.1521,0.1256,0.139866666666667
5802,0.1458,0.1546,0.1268,0.1424,0.1456,0.1544,0.1264,0.142133333333333
5804,0.1522,0.1644,0.135,0.150533333333333,0.1519,0.1642,0.1347,0.150266666666667
5812,0.1434,0.1539,0.1266,0.1413,0.143,0.1536,0.1263,0.140966666666667
5814,0.127,0.1351,0.1096,0.1239,0.1267,0.1347,0.1092,0.123533333333333
5816,0.1212,0.1267,0.1035,0.117133333333333,0.1208,0.1262,0.1032,0.116733333333333
5829,0.1102,0.1195,0.0969,0.108866666666667,0.1097,0.119,0.0965,0.1084
5831,0.1082,0.1198,0.0947,0.107566666666667,0.1077,0.1193,0.0943,0.1071
5833,0.1027,0.1154,0.0917,0.103266666666667,0.1022,0.1148,0.0913,0.102766666666667
5840,0.1016,0.1137,0.0887,0.101333333333333,0.1011,0.1131,0.0883,0.100833333333333
5842,0.0949,0.1069,0.0857,0.095833333333333,0.0944,0.1062,0.0853,0.0953
5852,0.0878,0.0985,0.0836,0.089966666666667,0.0872,0.0978,0.0831,0.089366666666667
5854,0.0809,0.0928,0.0786,0.0841,0.0804,0.0922,0.0781,0.083566666666667
5856,0.0792,0.09,0.0779,0.082366666666667,0.0785,0.0894,0.0774,0.081766666666667
5858,0.0784,0.0884,0.0771,0.0813,0.0778,0.0878,0.0766,0.080733333333333
5871,0.0736,0.0832,0.0734,0.076733333333333,0.0731,0.0827,0.0729,0.076233333333333
5873,0.071,0.0802,0.0717,0.0743,0.0704,0.0796,0.0711,0.0737
5875,0.0677,0.0768,0.0701,0.071533333333333,0.0672,0.0762,0.0695,0.070966666666667
5893,0.0646,0.0725,0.0663,0.0678,0.064,0.0718,0.0658,0.0672
5895,0.0582,0.0661,0.0608,0.0617,0.0576,0.0655,0.0603,0.061133333333333
5897,0.0549,0.0625,0.0575,0.0583,0.0542,0.0618,0.057,0.057666666666667
5913,0.0512,0.0581,0.0551,0.0548,0.0505,0.0575,0.0547,0.054233333333333
5915,0.0503,0.0574,0.0545,0.054066666666667,0.0497,0.0569,0.054,0.053533333333333
5917,0.0487,0.0549,0.053,0.0522,0.0482,0.0544,0.0527,0.051766666666667
5937,0.0468,0.0525,0.0507,0.05,0.0462,0.0521,0.0504,0.049566666666667
5939,0.0487,0.0522,0.0505,0.050466666666667,0.0482,0.0518,0.0503,0.0501
5941,0.0502,0.0503,0.0506,0.050366666666667,0.0497,0.05,0.0504,0.050033333333333
5944,0.0481,0.049,0.0486,0.048566666666667,0.0476,0.0487,0.0484,0.048233333333333
5946,0.046,0.0482,0.0469,0.047033333333333,0.0456,0.0479,0.0468,0.046766666666667
5948,0.0464,0.0491,0.0481,0.047866666666667,0.046,0.0489,0.048,0.047633333333333
5963,0.0454,0.0488,0.0473,0.047166666666667,0.0451,0.0486,0.0472,0.046966666666667
5965,0.0482,0.0512,0.0496,0.049666666666667,0.0479,0.051,0.0495,0.049466666666667
5967,0.0485,0.0514,0.0502,0.050033333333333,0.0483,0.0513,0.0502,0.049933333333333
5977,0.0501,0.0524,0.0518,0.051433333333333,0.05,0.0523,0.0518,0.051366666666667
5979,0.0502,0.0525,0.0533,0.052,0.0501,0.0524,0.0533,0.051933333333333
5981,0.0541,0.0559,0.0571,0.0557,0.054,0.0558,0.0572,0.055666666666667
6001,0.0627,0.0654,0.0646,0.064233333333333,0.0627,0.0653,0.0647,0.064233333333333
6003,0.067,0.0692,0.0673,0.067833333333333,0.067,0.0692,0.0674,0.067866666666667
6005,0.0786,0.0811,0.0771,0.078933333333333,0.0786,0.0813,0.0772,0.079033333333333
6012,0.0775,0.0786,0.0753,0.077133333333333,0.0774,0.0786,0.0755,0.077166666666667
6014,0.0652,0.0674,0.0654,0.066,0.0652,0.0674,0.0655,0.066033333333333
6016,0.0664,0.0677,0.0666,0.0669,0.0663,0.0677,0.0667,0.0669
6022,0.0671,0.0694,0.0665,0.067666666666667,0.0669,0.0692,0.0666,0.067566666666667
6024,0.072,0.0732,0.0702,0.0718,0.0719,0.0732,0.0704,0.071833333333333
6026,0.0728,0.0771,0.0722,0.074033333333333,0.0727,0.077,0.0722,0.073966666666667
6041,0.0796,0.0828,0.0769,0.079766666666667,0.0796,0.0826,0.0769,0.0797
6043,0.0799,0.0811,0.0773,0.079433333333333,0.0799,0.0809,0.0772,0.079333333333333
6045,0.0872,0.0846,0.084,0.085266666666667,0.0872,0.0844,0.084,0.0852
6060,0.0845,0.0837,0.0793,0.0825,0.0845,0.0835,0.0792,0.0824
6062,0.0885,0.0852,0.0788,0.084166666666667,0.0885,0.0849,0.0787,0.084033333333333
6072,0.0885,0.0831,0.0774,0.083,0.0884,0.0828,0.0772,0.0828
6074,0.0933,0.0874,0.0898,0.090166666666667,0.0933,0.0872,0.0898,0.0901
6076,0.0961,0.0889,0.0957,0.093566666666667,0.096,0.0887,0.0958,0.0935
6078,0.1068,0.1015,0.1161,0.108133333333333,0.1067,0.1014,0.1162,0.1081
6088,0.1396,0.111,0.1279,0.126166666666667,0.1395,0.111,0.1281,0.1262
6090,0.1635,0.1223,0.1442,0.143333333333333,0.1636,0.1223,0.1442,0.143366666666667
6092,0.2171,0.1442,0.1739,0.1784,0.2172,0.1443,0.1738,0.178433333333333
6107,0.2377,0.1785,0.2199,0.212033333333333,0.2377,0.1788,0.2199,0.212133333333333
6109,0.2847,0.1949,0.2425,0.2407,0.2847,0.1953,0.2427,0.2409
6119,0.3333,0.2433,0.3067,0.294433333333333,0.3333,0.2437,0.3069,0.294633333333333
6121,0.3614,0.2816,0.3567,0.333233333333333,0.3614,0.282,0.3568,0.3334
6123,0.3972,0.3277,0.4031,0.376,0.3972,0.3281,0.4034,0.376233333333333
6125,0.4413,0.3775,0.4646,0.4278,0.4414,0.3779,0.4648,0.428033333333333
6133,0.4856,0.4222,0.4942,0.467333333333333,0.4856,0.4227,0.4942,0.4675
