Atom,R1_C391R_ES,R2_C391R_ES,R3_C391R_ES,AVG_C391R_ES,R1_C391R_CS,R2_C391R_CS,R3_C391R_CS,AVG_C391R_CS
1,0.2582,0.3794,0.2439,0.293833333333333,0.2568,0.3794,0.2445,0.293566666666667
5,0.1988,0.3398,0.2469,0.261833333333333,0.198,0.34,0.2476,0.261866666666667
15,0.184,0.2844,0.2019,0.223433333333333,0.1828,0.2845,0.2025,0.223266666666667
17,0.1709,0.252,0.207,0.209966666666667,0.17,0.2521,0.2077,0.209933333333333
19,0.1633,0.2041,0.1794,0.182266666666667,0.1621,0.2042,0.18,0.1821
35,0.1358,0.1857,0.1542,0.158566666666667,0.1345,0.1858,0.1547,0.158333333333333
37,0.1359,0.1596,0.1381,0.144533333333333,0.1341,0.1598,0.1386,0.144166666666667
39,0.1251,0.152,0.1195,0.1322,0.1232,0.1523,0.1198,0.131766666666667
47,0.1098,0.1397,0.1024,0.1173,0.1083,0.1399,0.1024,0.116866666666667
49,0.1039,0.1392,0.095,0.1127,0.1024,0.1395,0.0946,0.112166666666667
51,0.0947,0.1333,0.0982,0.108733333333333,0.0935,0.1335,0.0975,0.108166666666667
61,0.088,0.1305,0.0975,0.105333333333333,0.0871,0.1308,0.0968,0.1049
63,0.0916,0.1327,0.0946,0.1063,0.0907,0.1329,0.0942,0.105933333333333
65,0.0915,0.1327,0.097,0.107066666666667,0.0909,0.1329,0.0967,0.106833333333333
72,0.0874,0.1262,0.0999,0.1045,0.0871,0.1264,0.0996,0.104366666666667
74,0.0883,0.1277,0.1148,0.110266666666667,0.088,0.128,0.1147,0.110233333333333
76,0.0942,0.1283,0.1365,0.119666666666667,0.0941,0.1286,0.1365,0.119733333333333
91,0.0927,0.1168,0.1498,0.119766666666667,0.0928,0.117,0.1498,0.119866666666667
93,0.0874,0.1108,0.1671,0.121766666666667,0.0874,0.111,0.167,0.1218
103,0.093,0.1054,0.1904,0.1296,0.0931,0.1055,0.1902,0.1296
105,0.0987,0.0986,0.183,0.126766666666667,0.099,0.0986,0.1828,0.1268
107,0.0963,0.0964,0.1558,0.116166666666667,0.0965,0.0963,0.1555,0.1161
109,0.1136,0.1086,0.1584,0.126866666666667,0.1139,0.1085,0.1582,0.126866666666667
119,0.112,0.0975,0.1359,0.115133333333333,0.1123,0.0974,0.1357,0.115133333333333
121,0.1138,0.0999,0.1178,0.1105,0.1143,0.0999,0.1175,0.110566666666667
123,0.1191,0.1048,0.1052,0.1097,0.1195,0.1048,0.1049,0.109733333333333
130,0.1074,0.0896,0.0902,0.095733333333333,0.1077,0.0896,0.0899,0.095733333333333
132,0.1037,0.0845,0.0848,0.091,0.104,0.0844,0.0845,0.090966666666667
134,0.0967,0.0774,0.0797,0.0846,0.0969,0.0773,0.0793,0.0845
147,0.1026,0.0806,0.083,0.088733333333333,0.1028,0.0804,0.0826,0.0886
149,0.1143,0.0898,0.0913,0.098466666666667,0.1145,0.0895,0.0909,0.0983
151,0.1247,0.097,0.0984,0.1067,0.1249,0.0967,0.098,0.106533333333333
161,0.1196,0.0927,0.0928,0.1017,0.1199,0.0923,0.0924,0.101533333333333
163,0.1112,0.089,0.0892,0.096466666666667,0.1115,0.0887,0.0887,0.0963
165,0.1097,0.0891,0.0892,0.096,0.1102,0.0889,0.0888,0.095966666666667
182,0.108,0.0857,0.0847,0.0928,0.1084,0.0854,0.0843,0.0927
184,0.1037,0.0804,0.0789,0.087666666666667,0.1041,0.0802,0.0785,0.0876
186,0.1076,0.0808,0.0783,0.0889,0.1078,0.0806,0.0779,0.088766666666667
201,0.1233,0.09,0.0848,0.099366666666667,0.1235,0.0897,0.0844,0.0992
203,0.1313,0.1002,0.092,0.107833333333333,0.1315,0.0999,0.0916,0.107666666666667
205,0.1484,0.1127,0.0973,0.119466666666667,0.1486,0.1124,0.097,0.119333333333333
208,0.1515,0.1265,0.1005,0.126166666666667,0.1518,0.1261,0.1002,0.126033333333333
210,0.1772,0.1399,0.1165,0.144533333333333,0.1776,0.1394,0.1163,0.144433333333333
212,0.1986,0.1795,0.1412,0.1731,0.1991,0.179,0.1411,0.173066666666667
218,0.1904,0.153,0.1375,0.1603,0.1908,0.1524,0.1374,0.1602
220,0.1772,0.1289,0.123,0.143033333333333,0.1774,0.1284,0.1228,0.142866666666667
222,0.1777,0.1231,0.1341,0.144966666666667,0.1777,0.1228,0.134,0.144833333333333
230,0.1615,0.1115,0.1206,0.1312,0.1614,0.1112,0.1205,0.131033333333333
232,0.1485,0.1033,0.1091,0.1203,0.1484,0.1029,0.1089,0.120066666666667
234,0.134,0.0943,0.0987,0.109,0.1337,0.0939,0.0985,0.1087
247,0.1349,0.0962,0.107,0.1127,0.1345,0.0959,0.1068,0.1124
249,0.1279,0.093,0.1046,0.1085,0.1272,0.0927,0.1045,0.108133333333333
251,0.1281,0.095,0.1117,0.1116,0.1273,0.0948,0.1115,0.1112
262,0.1202,0.0889,0.1037,0.104266666666667,0.1195,0.0887,0.1035,0.1039
264,0.1252,0.0953,0.112,0.110833333333333,0.1247,0.095,0.1119,0.110533333333333
266,0.122,0.0955,0.1086,0.1087,0.1215,0.0953,0.1085,0.108433333333333
277,0.1207,0.098,0.1089,0.1092,0.1204,0.0977,0.1088,0.108966666666667
279,0.1148,0.0967,0.0987,0.1034,0.1145,0.0964,0.0985,0.103133333333333
281,0.1181,0.1064,0.103,0.109166666666667,0.1178,0.1061,0.1028,0.1089
297,0.1215,0.1163,0.107,0.114933333333333,0.1212,0.1159,0.107,0.1147
299,0.1264,0.1318,0.1669,0.1417,0.1264,0.1315,0.1669,0.1416
301,0.1309,0.1517,0.1852,0.155933333333333,0.1309,0.1513,0.1851,0.155766666666667
314,0.129,0.1645,0.1625,0.152,0.1287,0.1641,0.1625,0.151766666666667
316,0.1335,0.202,0.1607,0.1654,0.1332,0.2018,0.1607,0.165233333333333
318,0.1407,0.2264,0.1477,0.1716,0.1403,0.2261,0.1478,0.1714
321,0.154,0.1599,0.1504,0.154766666666667,0.1535,0.1596,0.1505,0.154533333333333
323,0.1415,0.1472,0.1413,0.143333333333333,0.1407,0.1467,0.1414,0.142933333333333
325,0.1593,0.1394,0.1553,0.151333333333333,0.1585,0.1389,0.1554,0.150933333333333
345,0.1385,0.1316,0.1423,0.137466666666667,0.1379,0.1311,0.1424,0.137133333333333
347,0.1142,0.1174,0.122,0.117866666666667,0.1138,0.1169,0.1222,0.117633333333333
349,0.1048,0.1322,0.1132,0.116733333333333,0.1046,0.1318,0.1134,0.1166
359,0.1031,0.1231,0.1089,0.1117,0.1041,0.1228,0.1092,0.112033333333333
361,0.1066,0.1212,0.1116,0.113133333333333,0.1073,0.121,0.1118,0.113366666666667
363,0.1142,0.1238,0.1118,0.1166,0.1155,0.1237,0.1122,0.117133333333333
378,0.1162,0.1134,0.1122,0.113933333333333,0.1176,0.1133,0.1126,0.1145
380,0.1112,0.1059,0.1015,0.1062,0.1127,0.1057,0.1022,0.106866666666667
382,0.1119,0.1011,0.1031,0.105366666666667,0.1134,0.1009,0.1038,0.106033333333333
395,0.1138,0.1024,0.1087,0.1083,0.1152,0.1022,0.1095,0.108966666666667
397,0.1186,0.1045,0.1147,0.1126,0.12,0.1044,0.1155,0.1133
399,0.1202,0.1068,0.12,0.115666666666667,0.1215,0.1067,0.1209,0.116366666666667
407,0.1134,0.0996,0.1106,0.107866666666667,0.1146,0.0995,0.1117,0.1086
409,0.1165,0.1066,0.12,0.114366666666667,0.1174,0.1065,0.1212,0.115033333333333
411,0.1149,0.1073,0.1206,0.114266666666667,0.1157,0.1072,0.1219,0.114933333333333
419,0.1109,0.0993,0.1104,0.106866666666667,0.1118,0.0992,0.1119,0.107633333333333
421,0.1082,0.0976,0.1086,0.1048,0.1091,0.0975,0.1102,0.1056
423,0.1109,0.1013,0.1094,0.1072,0.1119,0.1012,0.111,0.108033333333333
431,0.1133,0.0993,0.1082,0.106933333333333,0.1145,0.0993,0.1097,0.107833333333333
433,0.1116,0.0938,0.1053,0.103566666666667,0.1128,0.0937,0.1067,0.1044
435,0.1164,0.0983,0.1084,0.1077,0.1178,0.0982,0.1097,0.108566666666667
442,0.1097,0.0908,0.0995,0.1,0.1111,0.0906,0.1009,0.100866666666667
444,0.115,0.0966,0.106,0.105866666666667,0.1164,0.0965,0.1073,0.106733333333333
446,0.1093,0.0924,0.0998,0.1005,0.1107,0.0922,0.1011,0.101333333333333
453,0.103,0.0918,0.0951,0.096633333333333,0.1042,0.0916,0.0963,0.097366666666667
455,0.0985,0.0877,0.0914,0.092533333333333,0.0996,0.0874,0.0926,0.0932
457,0.098,0.0908,0.0931,0.093966666666667,0.0988,0.0905,0.0941,0.094466666666667
470,0.0913,0.0847,0.0858,0.087266666666667,0.0921,0.0844,0.0869,0.0878
472,0.0932,0.0895,0.0871,0.089933333333333,0.0938,0.0891,0.088,0.0903
474,0.0883,0.0843,0.0826,0.085066666666667,0.0888,0.0838,0.0835,0.085366666666667
486,0.0849,0.0824,0.0784,0.0819,0.0854,0.0818,0.0792,0.082133333333333
488,0.0799,0.0787,0.073,0.0772,0.0805,0.0782,0.0737,0.077466666666667
490,0.0776,0.0779,0.0689,0.0748,0.0781,0.0773,0.0695,0.074966666666667
505,0.0741,0.0736,0.0676,0.071766666666667,0.0746,0.073,0.0682,0.071933333333333
507,0.0743,0.0749,0.0678,0.072333333333333,0.0747,0.0743,0.0682,0.0724
517,0.0722,0.0733,0.0682,0.071233333333333,0.0726,0.0726,0.0684,0.0712
519,0.0662,0.0654,0.063,0.064866666666667,0.0667,0.0647,0.0633,0.0649
521,0.0669,0.0664,0.0665,0.0666,0.0676,0.0655,0.0667,0.0666
523,0.065,0.0664,0.0661,0.065833333333333,0.0658,0.0656,0.0663,0.0659
535,0.0656,0.0775,0.0681,0.0704,0.0662,0.0768,0.0682,0.0704
537,0.0687,0.0909,0.0707,0.076766666666667,0.0693,0.0904,0.0707,0.0768
539,0.0727,0.1123,0.0774,0.087466666666667,0.0731,0.1119,0.0773,0.087433333333333
554,0.0749,0.1085,0.0796,0.087666666666667,0.0753,0.1081,0.0794,0.0876
556,0.0776,0.1159,0.084,0.0925,0.0779,0.1156,0.0838,0.092433333333333
566,0.0831,0.1213,0.0916,0.098666666666667,0.0834,0.1209,0.0914,0.098566666666667
568,0.083,0.1198,0.0894,0.0974,0.0836,0.1195,0.0891,0.0974
570,0.0905,0.1282,0.0962,0.104966666666667,0.0908,0.1279,0.0958,0.104833333333333
572,0.0993,0.1361,0.1008,0.112066666666667,0.0996,0.1358,0.1004,0.111933333333333
585,0.0924,0.1265,0.0989,0.105933333333333,0.0927,0.1262,0.0986,0.105833333333333
587,0.0814,0.1151,0.093,0.0965,0.0818,0.1148,0.0927,0.096433333333333
589,0.077,0.1092,0.0918,0.092666666666667,0.0774,0.1089,0.0916,0.092633333333333
601,0.0747,0.1042,0.0928,0.090566666666667,0.0752,0.1039,0.0925,0.090533333333333
603,0.0727,0.102,0.0927,0.089133333333333,0.0732,0.1017,0.0924,0.0891
605,0.0758,0.103,0.0985,0.092433333333333,0.0765,0.1026,0.0982,0.092433333333333
618,0.0722,0.0963,0.0916,0.0867,0.0729,0.0959,0.0914,0.086733333333333
620,0.0717,0.0977,0.0913,0.0869,0.0723,0.0974,0.091,0.0869
622,0.0724,0.0947,0.0862,0.084433333333333,0.073,0.0944,0.0861,0.0845
635,0.0673,0.0807,0.0737,0.0739,0.0679,0.0804,0.0737,0.074
637,0.0679,0.078,0.0728,0.0729,0.0686,0.0777,0.0731,0.073133333333333
639,0.0643,0.0706,0.0742,0.0697,0.065,0.0704,0.0746,0.07
654,0.0654,0.0679,0.0742,0.069166666666667,0.0659,0.0677,0.0745,0.069366666666667
656,0.066,0.062,0.0759,0.067966666666667,0.0666,0.0619,0.0762,0.068233333333333
658,0.0695,0.0613,0.0754,0.068733333333333,0.07,0.0613,0.0756,0.068966666666667
673,0.071,0.0633,0.0753,0.069866666666667,0.0714,0.0632,0.0757,0.0701
675,0.0779,0.0655,0.076,0.073133333333333,0.0783,0.0655,0.0763,0.073366666666667
677,0.0794,0.0675,0.076,0.0743,0.0798,0.0676,0.0763,0.074566666666667
692,0.0786,0.0663,0.0725,0.072466666666667,0.0789,0.0664,0.0728,0.0727
694,0.0814,0.0674,0.0724,0.073733333333333,0.0817,0.0675,0.0729,0.074033333333333
704,0.0825,0.0699,0.0734,0.075266666666667,0.0828,0.07,0.0738,0.075533333333333
706,0.0821,0.0711,0.0762,0.076466666666667,0.0822,0.0712,0.0765,0.076633333333333
708,0.0846,0.0728,0.0758,0.077733333333333,0.0848,0.0729,0.0761,0.077933333333333
710,0.0863,0.0763,0.0801,0.0809,0.0864,0.0764,0.0803,0.081033333333333
713,0.0825,0.072,0.0802,0.078233333333333,0.0826,0.0721,0.0803,0.078333333333333
715,0.0784,0.0678,0.0773,0.0745,0.0784,0.0679,0.0774,0.074566666666667
717,0.0745,0.0644,0.078,0.0723,0.0746,0.0645,0.078,0.072366666666667
730,0.0707,0.059,0.0737,0.0678,0.0708,0.0591,0.0736,0.067833333333333
732,0.0714,0.061,0.0755,0.0693,0.0715,0.0611,0.0754,0.069333333333333
734,0.0688,0.0596,0.0712,0.066533333333333,0.0689,0.0596,0.071,0.0665
744,0.0623,0.057,0.0675,0.062266666666667,0.0624,0.0571,0.0674,0.0623
746,0.0623,0.0561,0.0631,0.0605,0.0625,0.0562,0.0629,0.060533333333333
748,0.0592,0.0546,0.0604,0.058066666666667,0.0594,0.0547,0.0602,0.0581
763,0.0548,0.0524,0.0558,0.054333333333333,0.0549,0.0526,0.0556,0.054366666666667
765,0.0538,0.0521,0.0548,0.053566666666667,0.0539,0.0522,0.0544,0.0535
775,0.0542,0.0514,0.0517,0.052433333333333,0.0543,0.0515,0.0513,0.052366666666667
777,0.0529,0.0505,0.0506,0.051333333333333,0.0529,0.0507,0.0502,0.051266666666667
779,0.0592,0.0522,0.0508,0.054066666666667,0.059,0.0523,0.0503,0.053866666666667
781,0.0638,0.0533,0.052,0.056366666666667,0.0633,0.0534,0.0515,0.056066666666667
796,0.0681,0.0558,0.055,0.059633333333333,0.0678,0.0559,0.0545,0.0594
798,0.0706,0.0597,0.0602,0.0635,0.0703,0.0598,0.0598,0.0633
800,0.0795,0.0662,0.0689,0.071533333333333,0.0793,0.0663,0.0683,0.0713
813,0.085,0.0685,0.0709,0.0748,0.0847,0.0686,0.0704,0.074566666666667
815,0.0949,0.0722,0.0734,0.080166666666667,0.0945,0.0722,0.0729,0.079866666666667
817,0.1031,0.0752,0.076,0.084766666666667,0.1026,0.0752,0.0754,0.0844
832,0.1146,0.0816,0.0857,0.093966666666667,0.1141,0.0816,0.0852,0.093633333333333
834,0.1222,0.087,0.0919,0.100366666666667,0.1217,0.087,0.0914,0.100033333333333
836,0.1356,0.0958,0.1036,0.111666666666667,0.1351,0.0958,0.1031,0.111333333333333
852,0.133,0.0981,0.1048,0.111966666666667,0.1325,0.0979,0.1043,0.111566666666667
854,0.1287,0.0982,0.103,0.109966666666667,0.1283,0.0979,0.1025,0.109566666666667
856,0.131,0.1049,0.1086,0.114833333333333,0.1305,0.1047,0.108,0.1144
869,0.1272,0.1048,0.1077,0.113233333333333,0.1264,0.1044,0.1071,0.112633333333333
871,0.1343,0.1129,0.1153,0.120833333333333,0.1334,0.1124,0.1147,0.120166666666667
881,0.1348,0.1151,0.1169,0.122266666666667,0.1336,0.1146,0.1162,0.121466666666667
883,0.1278,0.1142,0.1141,0.1187,0.1265,0.1137,0.1134,0.117866666666667
885,0.1271,0.1183,0.1158,0.1204,0.126,0.1178,0.1151,0.119633333333333
887,0.1234,0.1214,0.1155,0.1201,0.1223,0.121,0.1148,0.119366666666667
900,0.1131,0.1124,0.1061,0.110533333333333,0.112,0.112,0.1054,0.1098
902,0.1096,0.1065,0.101,0.1057,0.1086,0.1061,0.1004,0.105033333333333
904,0.1016,0.1001,0.0937,0.098466666666667,0.1006,0.0998,0.0932,0.097866666666667
915,0.0985,0.0927,0.0897,0.093633333333333,0.0973,0.0924,0.0891,0.092933333333333
917,0.104,0.0919,0.0922,0.096033333333333,0.1028,0.0915,0.0916,0.0953
919,0.1054,0.0903,0.0915,0.095733333333333,0.104,0.0899,0.0909,0.094933333333333
931,0.1059,0.0941,0.0931,0.0977,0.1043,0.0937,0.0924,0.0968
933,0.1096,0.0997,0.0983,0.102533333333333,0.108,0.0993,0.0975,0.1016
935,0.1115,0.1052,0.1016,0.1061,0.1097,0.1048,0.1008,0.1051
942,0.1042,0.1036,0.097,0.1016,0.1024,0.1032,0.0962,0.1006
944,0.0986,0.1013,0.0941,0.098,0.097,0.1009,0.0934,0.0971
946,0.093,0.1025,0.0922,0.0959,0.0916,0.1022,0.0915,0.0951
959,0.0871,0.0971,0.0827,0.088966666666667,0.0856,0.0968,0.082,0.088133333333333
961,0.0847,0.0887,0.079,0.084133333333333,0.0832,0.0884,0.0784,0.083333333333333
963,0.0834,0.0851,0.0743,0.080933333333333,0.0821,0.0848,0.0737,0.0802
975,0.0912,0.087,0.0776,0.085266666666667,0.0897,0.0867,0.077,0.084466666666667
977,0.099,0.0899,0.0841,0.091,0.0973,0.0895,0.0835,0.0901
979,0.1101,0.0966,0.0927,0.0998,0.1083,0.0962,0.0921,0.098866666666667
999,0.1112,0.1026,0.0971,0.103633333333333,0.1094,0.1022,0.0964,0.102666666666667
1001,0.1043,0.102,0.095,0.100433333333333,0.1025,0.1016,0.0943,0.099466666666667
1003,0.1064,0.1101,0.1002,0.105566666666667,0.1047,0.1098,0.0995,0.104666666666667
1013,0.1035,0.1057,0.0975,0.102233333333333,0.1021,0.1054,0.0968,0.101433333333333
1015,0.0973,0.0952,0.0903,0.094266666666667,0.0958,0.0947,0.0898,0.093433333333333
1017,0.0987,0.0938,0.0925,0.095,0.0974,0.0932,0.092,0.0942
1032,0.1024,0.0901,0.0913,0.0946,0.1011,0.0895,0.091,0.093866666666667
1034,0.1045,0.0912,0.0903,0.095333333333333,0.103,0.0906,0.0899,0.0945
1036,0.1139,0.0967,0.0971,0.102566666666667,0.1125,0.0963,0.0969,0.1019
1051,0.1247,0.111,0.1072,0.1143,0.1234,0.1105,0.107,0.113633333333333
1053,0.1251,0.1187,0.11,0.117933333333333,0.1238,0.1182,0.1098,0.117266666666667
1055,0.1385,0.1371,0.1229,0.132833333333333,0.1373,0.1366,0.1227,0.1322
1068,0.1412,0.1381,0.1223,0.133866666666667,0.1401,0.1376,0.1222,0.1333
1070,0.1398,0.133,0.1166,0.1298,0.1389,0.1324,0.1165,0.129266666666667
1072,0.1384,0.1286,0.1125,0.1265,0.1376,0.1279,0.1125,0.126
1090,0.1312,0.1161,0.1035,0.116933333333333,0.1306,0.1153,0.1035,0.116466666666667
1092,0.1322,0.1155,0.1041,0.117266666666667,0.1317,0.1147,0.1042,0.116866666666667
1094,0.1359,0.1159,0.1069,0.119566666666667,0.1356,0.1151,0.107,0.119233333333333
1102,0.1176,0.0974,0.0871,0.1007,0.1172,0.0966,0.0872,0.100333333333333
1104,0.103,0.0802,0.0751,0.0861,0.1024,0.0795,0.0751,0.085666666666667
1106,0.0906,0.0704,0.0664,0.0758,0.0899,0.0699,0.0663,0.075366666666667
1126,0.0851,0.0684,0.062,0.071833333333333,0.0845,0.0681,0.062,0.071533333333333
1128,0.0885,0.0763,0.0676,0.077466666666667,0.0882,0.0758,0.0676,0.0772
1130,0.0865,0.0768,0.0648,0.076033333333333,0.0866,0.0764,0.065,0.076
1140,0.0798,0.0725,0.0593,0.070533333333333,0.0799,0.072,0.0594,0.070433333333333
1142,0.075,0.0755,0.0572,0.069233333333333,0.0753,0.0752,0.0574,0.0693
1144,0.0703,0.073,0.0545,0.065933333333333,0.0708,0.0726,0.0548,0.066066666666667
1160,0.0684,0.0602,0.0521,0.060233333333333,0.0692,0.0598,0.0525,0.0605
1162,0.0653,0.0594,0.055,0.0599,0.0661,0.059,0.0555,0.0602
1164,0.0655,0.0595,0.0596,0.061533333333333,0.0664,0.0591,0.0601,0.061866666666667
1170,0.0646,0.0598,0.059,0.061133333333333,0.0654,0.0595,0.0595,0.061466666666667
1172,0.0624,0.0559,0.0634,0.060566666666667,0.0631,0.0556,0.0638,0.060833333333333
1174,0.064,0.0574,0.069,0.063466666666667,0.0646,0.057,0.0694,0.063666666666667
1186,0.0642,0.0563,0.0728,0.064433333333333,0.065,0.056,0.0733,0.064766666666667
1188,0.0657,0.0603,0.0782,0.068066666666667,0.0665,0.0599,0.0787,0.068366666666667
1190,0.066,0.0604,0.0824,0.0696,0.067,0.06,0.083,0.07
1205,0.0688,0.0635,0.0904,0.074233333333333,0.0698,0.0631,0.091,0.074633333333333
1207,0.0723,0.0653,0.0949,0.0775,0.0732,0.065,0.0956,0.077933333333333
1209,0.0783,0.0728,0.1044,0.085166666666667,0.0792,0.0725,0.105,0.085566666666667
1215,0.083,0.0796,0.112,0.091533333333333,0.084,0.0793,0.1127,0.092
1217,0.0842,0.084,0.1162,0.0948,0.0851,0.0836,0.1168,0.095166666666667
1219,0.0908,0.0928,0.1243,0.102633333333333,0.0918,0.0924,0.1247,0.102966666666667
1236,0.1017,0.1073,0.1377,0.115566666666667,0.1027,0.1071,0.1381,0.115966666666667
1238,0.1097,0.1159,0.1433,0.122966666666667,0.1107,0.1157,0.1438,0.1234
1240,0.1243,0.1348,0.1591,0.1394,0.1253,0.1347,0.1596,0.139866666666667
1247,0.13,0.1446,0.1684,0.147666666666667,0.131,0.1444,0.1688,0.148066666666667
1249,0.1259,0.1385,0.1632,0.142533333333333,0.1267,0.1382,0.1636,0.142833333333333
1251,0.1337,0.1487,0.1728,0.151733333333333,0.1344,0.1483,0.1731,0.151933333333333
1261,0.1272,0.1396,0.1643,0.1437,0.1278,0.1392,0.1646,0.143866666666667
1263,0.1314,0.1439,0.1687,0.148,0.1319,0.1434,0.1689,0.148066666666667
1265,0.1303,0.1428,0.1657,0.146266666666667,0.1307,0.1423,0.1659,0.1463
1277,0.1361,0.1515,0.1732,0.1536,0.1364,0.1509,0.1733,0.153533333333333
1279,0.1454,0.1634,0.1865,0.1651,0.1458,0.1629,0.1867,0.165133333333333
1281,0.1546,0.1758,0.1982,0.1762,0.155,0.1752,0.1984,0.1762
1294,0.1486,0.1731,0.1932,0.171633333333333,0.149,0.1725,0.1934,0.171633333333333
1296,0.1415,0.1668,0.1856,0.164633333333333,0.142,0.1663,0.1858,0.1647
1298,0.1385,0.1686,0.1826,0.163233333333333,0.1389,0.1682,0.1828,0.1633
1309,0.1258,0.1558,0.1665,0.149366666666667,0.1262,0.1555,0.1668,0.1495
1311,0.1177,0.1418,0.1557,0.1384,0.1181,0.1414,0.156,0.1385
1313,0.1082,0.132,0.143,0.127733333333333,0.1086,0.1315,0.1433,0.1278
1333,0.1031,0.1276,0.1361,0.122266666666667,0.1036,0.1273,0.1365,0.122466666666667
1335,0.1069,0.1268,0.1398,0.1245,0.1076,0.1265,0.1402,0.124766666666667
1337,0.1062,0.1269,0.1382,0.123766666666667,0.1071,0.1267,0.1388,0.1242
1348,0.0988,0.1094,0.1287,0.1123,0.0999,0.1091,0.1293,0.112766666666667
1350,0.0956,0.0992,0.1221,0.105633333333333,0.0967,0.0989,0.1228,0.106133333333333
1352,0.0911,0.0879,0.1159,0.0983,0.0922,0.0876,0.1166,0.0988
1358,0.0919,0.0859,0.1177,0.0985,0.0931,0.0856,0.1186,0.0991
1360,0.0914,0.0834,0.1187,0.097833333333333,0.0927,0.0832,0.1195,0.098466666666667
1362,0.0926,0.0826,0.121,0.098733333333333,0.094,0.0824,0.1219,0.099433333333333
1375,0.0871,0.0754,0.1123,0.0916,0.0885,0.0753,0.1133,0.092366666666667
1377,0.0841,0.0734,0.1087,0.088733333333333,0.0854,0.0732,0.1096,0.0894
1379,0.0802,0.0685,0.1024,0.0837,0.0814,0.0684,0.1034,0.0844
1395,0.0752,0.0636,0.0938,0.077533333333333,0.0764,0.0634,0.0948,0.0782
1397,0.0746,0.0625,0.0907,0.075933333333333,0.0757,0.0624,0.0916,0.076566666666667
1399,0.0708,0.0592,0.0834,0.071133333333333,0.0717,0.059,0.0843,0.071666666666667
1402,0.0685,0.0565,0.0777,0.067566666666667,0.0695,0.0563,0.0786,0.068133333333333
1404,0.0659,0.0554,0.071,0.0641,0.0668,0.0552,0.0718,0.0646
1406,0.0667,0.0541,0.0686,0.063133333333333,0.0675,0.0539,0.0694,0.0636
1416,0.065,0.0543,0.0633,0.060866666666667,0.0658,0.0542,0.0641,0.061366666666667
1418,0.0678,0.0563,0.0638,0.062633333333333,0.0685,0.0562,0.0646,0.0631
1420,0.069,0.0586,0.0624,0.063333333333333,0.0697,0.0584,0.0632,0.063766666666667
1430,0.0695,0.0589,0.0609,0.0631,0.0701,0.0588,0.0615,0.063466666666667
1432,0.0712,0.0633,0.0593,0.0646,0.0718,0.0632,0.0598,0.064933333333333
1434,0.0708,0.0642,0.0568,0.063933333333333,0.0713,0.0642,0.0571,0.0642
1440,0.073,0.0651,0.0568,0.064966666666667,0.0732,0.0651,0.057,0.0651
1442,0.0757,0.0573,0.056,0.063,0.0756,0.0573,0.0562,0.063033333333333
1444,0.0814,0.0595,0.058,0.0663,0.081,0.0594,0.0581,0.066166666666667
1455,0.0771,0.0576,0.0563,0.063666666666667,0.0767,0.0576,0.0563,0.063533333333333
1457,0.0774,0.0607,0.0558,0.064633333333333,0.0769,0.0607,0.0557,0.064433333333333
1459,0.0759,0.0605,0.056,0.064133333333333,0.0754,0.0606,0.0558,0.063933333333333
1474,0.0807,0.0653,0.0623,0.069433333333333,0.0802,0.0653,0.0622,0.069233333333333
1476,0.0828,0.064,0.0685,0.071766666666667,0.0824,0.064,0.0683,0.071566666666667
1478,0.0903,0.0701,0.0773,0.079233333333333,0.0899,0.07,0.0771,0.079
1495,0.0918,0.0706,0.077,0.0798,0.0914,0.0706,0.0768,0.0796
1497,0.087,0.0658,0.0712,0.074666666666667,0.0865,0.0657,0.071,0.0744
1499,0.0904,0.0671,0.0725,0.076666666666667,0.0898,0.067,0.0722,0.076333333333333
1505,0.0876,0.0647,0.0692,0.073833333333333,0.0868,0.0645,0.0689,0.0734
1507,0.0937,0.0688,0.0735,0.078666666666667,0.0929,0.0685,0.0733,0.078233333333333
1509,0.0953,0.0708,0.0745,0.0802,0.0943,0.0705,0.0743,0.0797
1526,0.1042,0.0761,0.078,0.0861,0.1032,0.0757,0.0778,0.085566666666667
1528,0.1073,0.0786,0.0779,0.087933333333333,0.1064,0.0783,0.0777,0.087466666666667
1530,0.1166,0.0911,0.084,0.097233333333333,0.1158,0.0907,0.0837,0.096733333333333
1550,0.1192,0.0941,0.0853,0.099533333333333,0.1183,0.0937,0.0849,0.098966666666667
1552,0.1338,0.1158,0.0963,0.1153,0.1329,0.1153,0.0959,0.1147
1554,0.1401,0.121,0.101,0.1207,0.1392,0.1206,0.1007,0.120166666666667
1565,0.1501,0.1308,0.1081,0.129666666666667,0.1493,0.1304,0.1078,0.129166666666667
1567,0.1525,0.1314,0.1118,0.1319,0.1519,0.131,0.1115,0.131466666666667
1569,0.1647,0.143,0.1242,0.143966666666667,0.1642,0.1426,0.124,0.1436
1580,0.1752,0.1437,0.1299,0.1496,0.1746,0.1433,0.1296,0.149166666666667
1582,0.1964,0.1628,0.1465,0.168566666666667,0.1958,0.1624,0.1463,0.168166666666667
1584,0.2251,0.1886,0.1757,0.196466666666667,0.2243,0.1881,0.1755,0.195966666666667
1597,0.2466,0.2005,0.1945,0.213866666666667,0.246,0.2001,0.1944,0.2135
1599,0.2651,0.2264,0.2159,0.2358,0.2646,0.226,0.2156,0.2354
1601,0.2915,0.2438,0.2413,0.258866666666667,0.2911,0.2434,0.241,0.2585
1609,0.2911,0.2443,0.2433,0.259566666666667,0.2909,0.244,0.2431,0.259333333333333
1611,0.3105,0.2563,0.2638,0.276866666666667,0.3104,0.256,0.2636,0.276666666666667
1613,0.3193,0.2659,0.2779,0.2877,0.3193,0.2656,0.2777,0.287533333333333
1629,0.3019,0.2501,0.2656,0.272533333333333,0.3021,0.2498,0.2655,0.272466666666667
1631,0.2856,0.2372,0.2482,0.257,0.2856,0.2369,0.248,0.256833333333333
1633,0.2773,0.2335,0.2471,0.252633333333333,0.2773,0.2331,0.247,0.252466666666667
1636,0.2469,0.2121,0.2216,0.226866666666667,0.247,0.2117,0.2214,0.2267
1638,0.2323,0.2024,0.2011,0.211933333333333,0.2323,0.2021,0.2008,0.211733333333333
1640,0.2115,0.1919,0.1875,0.196966666666667,0.2115,0.1916,0.1871,0.196733333333333
1655,0.1942,0.1644,0.1592,0.1726,0.194,0.1641,0.1588,0.1723
1657,0.1847,0.1527,0.1544,0.163933333333333,0.1845,0.1524,0.1539,0.1636
1659,0.1783,0.1371,0.1424,0.1526,0.1779,0.1368,0.142,0.152233333333333
1670,0.1609,0.125,0.1277,0.137866666666667,0.1605,0.1248,0.1272,0.1375
1672,0.1558,0.1198,0.1166,0.130733333333333,0.1554,0.1195,0.1161,0.130333333333333
1674,0.1409,0.108,0.1057,0.1182,0.1406,0.1079,0.1052,0.1179
1689,0.1353,0.1025,0.0991,0.1123,0.1348,0.1023,0.0985,0.111866666666667
1691,0.1206,0.0885,0.0907,0.099933333333333,0.12,0.0883,0.0901,0.099466666666667
1693,0.1111,0.0813,0.0844,0.092266666666667,0.1104,0.0811,0.0837,0.091733333333333
1705,0.1025,0.0745,0.076,0.084333333333333,0.1019,0.0743,0.0753,0.083833333333333
1707,0.1002,0.071,0.072,0.081066666666667,0.0996,0.0708,0.0714,0.0806
1709,0.0938,0.0679,0.0671,0.076266666666667,0.0934,0.0677,0.0666,0.0759
1727,0.0905,0.0657,0.065,0.073733333333333,0.0899,0.0656,0.0644,0.0733
1729,0.0812,0.0608,0.059,0.067,0.0806,0.0608,0.0585,0.066633333333333
1731,0.0739,0.0581,0.0555,0.0625,0.0732,0.058,0.055,0.062066666666667
1743,0.0686,0.0547,0.0517,0.058333333333333,0.0682,0.0547,0.0513,0.058066666666667
1745,0.0691,0.0548,0.0525,0.0588,0.0686,0.0547,0.0522,0.0585
1747,0.0669,0.0534,0.0527,0.057666666666667,0.0666,0.0534,0.0525,0.0575
1765,0.0668,0.0528,0.0535,0.0577,0.0665,0.0527,0.0533,0.0575
1767,0.0646,0.0533,0.0547,0.057533333333333,0.0645,0.0533,0.0545,0.057433333333333
1769,0.0658,0.0522,0.0549,0.057633333333333,0.0657,0.0522,0.0548,0.057566666666667
1775,0.0664,0.0517,0.0576,0.058566666666667,0.0664,0.0517,0.0575,0.058533333333333
1777,0.0708,0.0536,0.0615,0.061966666666667,0.0708,0.0537,0.0615,0.062
1779,0.0735,0.0553,0.0654,0.064733333333333,0.0735,0.0554,0.0654,0.064766666666667
1794,0.0725,0.0537,0.0636,0.063266666666667,0.0726,0.0538,0.0638,0.0634
1796,0.0718,0.0549,0.0652,0.063966666666667,0.072,0.055,0.0654,0.064133333333333
1798,0.0718,0.0552,0.0657,0.064233333333333,0.072,0.0553,0.066,0.064433333333333
1801,0.0747,0.0566,0.068,0.066433333333333,0.075,0.0567,0.0684,0.0667
1803,0.0764,0.059,0.0731,0.0695,0.0767,0.059,0.0736,0.069766666666667
1805,0.0814,0.065,0.0778,0.074733333333333,0.0818,0.0651,0.0784,0.0751
1825,0.0829,0.0661,0.0829,0.0773,0.0834,0.0661,0.0836,0.0777
1827,0.0794,0.0642,0.0766,0.0734,0.0799,0.0641,0.0774,0.0738
1829,0.0802,0.0676,0.0786,0.075466666666667,0.0809,0.0676,0.0795,0.076
1842,0.0781,0.0608,0.0771,0.072,0.0788,0.0608,0.0781,0.072566666666667
1844,0.0778,0.0617,0.0795,0.073,0.0785,0.0617,0.0805,0.073566666666667
1846,0.0767,0.0598,0.0792,0.0719,0.0775,0.0598,0.0802,0.0725
1866,0.0786,0.0616,0.0803,0.0735,0.0795,0.0616,0.0815,0.0742
1868,0.0776,0.0609,0.0807,0.073066666666667,0.0786,0.0609,0.0819,0.0738
1870,0.0796,0.063,0.0827,0.0751,0.0808,0.0629,0.084,0.0759
1886,0.0809,0.0641,0.0884,0.0778,0.0822,0.0641,0.0897,0.078666666666667
1888,0.0854,0.0679,0.0918,0.0817,0.0868,0.0678,0.0932,0.0826
1890,0.0867,0.07,0.0963,0.084333333333333,0.0881,0.0698,0.0977,0.0852
1908,0.0858,0.0707,0.0937,0.0834,0.0872,0.0705,0.095,0.084233333333333
1910,0.0873,0.0738,0.0982,0.086433333333333,0.0887,0.0736,0.0995,0.087266666666667
1912,0.0877,0.0755,0.0983,0.087166666666667,0.089,0.0752,0.0995,0.0879
1924,0.0943,0.0814,0.1032,0.092966666666667,0.0958,0.0811,0.1044,0.093766666666667
1926,0.0959,0.0836,0.1006,0.093366666666667,0.0974,0.0833,0.1018,0.094166666666667
1928,0.102,0.0899,0.1064,0.099433333333333,0.1036,0.0896,0.1076,0.100266666666667
1943,0.1037,0.0937,0.1108,0.102733333333333,0.1053,0.0933,0.1119,0.1035
1945,0.0991,0.0901,0.1063,0.0985,0.1006,0.0896,0.1074,0.0992
1947,0.1007,0.0943,0.1102,0.101733333333333,0.1021,0.0937,0.1112,0.102333333333333
1958,0.0951,0.0894,0.1022,0.095566666666667,0.0963,0.0888,0.1031,0.096066666666667
1960,0.0965,0.0934,0.1067,0.098866666666667,0.0976,0.0927,0.1075,0.099266666666667
1962,0.0929,0.0917,0.1022,0.0956,0.0939,0.091,0.1029,0.095933333333333
1977,0.0997,0.0975,0.107,0.1014,0.1005,0.0968,0.1076,0.101633333333333
1979,0.098,0.0967,0.1041,0.0996,0.0985,0.096,0.1046,0.0997
1981,0.1067,0.1072,0.1128,0.1089,0.1071,0.1064,0.1133,0.108933333333333
2001,0.1042,0.1072,0.1087,0.1067,0.1044,0.1063,0.109,0.106566666666667
2003,0.1169,0.1259,0.1254,0.122733333333333,0.117,0.1251,0.1255,0.122533333333333
2005,0.1185,0.1384,0.1285,0.128466666666667,0.1185,0.1376,0.1285,0.1282
2015,0.1324,0.1574,0.1383,0.1427,0.1319,0.1565,0.1382,0.1422
2017,0.1365,0.171,0.1419,0.1498,0.1355,0.1702,0.142,0.149233333333333
2019,0.1587,0.2027,0.1573,0.1729,0.1574,0.2019,0.1574,0.172233333333333
2032,0.1676,0.2229,0.163,0.1845,0.1661,0.222,0.1631,0.183733333333333
2034,0.1929,0.2615,0.1811,0.211833333333333,0.1911,0.2606,0.1812,0.210966666666667
2036,0.2124,0.2926,0.1953,0.233433333333333,0.2105,0.2917,0.1954,0.232533333333333
2043,0.2027,0.292,0.1885,0.227733333333333,0.2008,0.2911,0.1886,0.226833333333333
2045,0.1842,0.2811,0.1747,0.213333333333333,0.1823,0.2801,0.1747,0.212366666666667
2047,0.1782,0.2893,0.172,0.213166666666667,0.1764,0.2885,0.1719,0.212266666666667
2055,0.1635,0.2646,0.1577,0.195266666666667,0.162,0.2638,0.1576,0.194466666666667
2057,0.1547,0.2398,0.1496,0.181366666666667,0.1533,0.2391,0.1496,0.180666666666667
2059,0.1491,0.252,0.1453,0.182133333333333,0.1479,0.2514,0.1452,0.1815
2062,0.1261,0.2145,0.126,0.155533333333333,0.1251,0.2139,0.1259,0.154966666666667
2064,0.1149,0.1935,0.1159,0.141433333333333,0.1137,0.1929,0.1158,0.1408
2066,0.1003,0.1715,0.1044,0.1254,0.0992,0.1709,0.1043,0.1248
2081,0.0934,0.1435,0.1007,0.112533333333333,0.0926,0.1427,0.1007,0.112
2083,0.0867,0.1292,0.0967,0.1042,0.0865,0.1284,0.0967,0.103866666666667
2085,0.0831,0.1117,0.0944,0.0964,0.0832,0.1108,0.0945,0.096166666666667
2098,0.0781,0.095,0.087,0.0867,0.0782,0.0941,0.0872,0.0865
2100,0.0812,0.0909,0.0883,0.0868,0.0814,0.09,0.0886,0.086666666666667
2102,0.0809,0.0843,0.0849,0.083366666666667,0.0811,0.0835,0.0853,0.0833
2115,0.0823,0.0811,0.0859,0.0831,0.0828,0.0803,0.0864,0.083166666666667
2117,0.0813,0.076,0.0811,0.079466666666667,0.0819,0.0753,0.0817,0.079633333333333
2119,0.0845,0.0755,0.0832,0.081066666666667,0.0854,0.0749,0.0839,0.0814
2125,0.0861,0.0759,0.0822,0.0814,0.087,0.0753,0.083,0.081766666666667
2127,0.0901,0.0777,0.0858,0.084533333333333,0.0911,0.0771,0.0867,0.084966666666667
2129,0.0914,0.0782,0.0863,0.0853,0.0925,0.0777,0.0874,0.085866666666667
2147,0.0918,0.0761,0.0857,0.084533333333333,0.0931,0.0756,0.0868,0.085166666666667
2149,0.0968,0.0756,0.0904,0.0876,0.098,0.0752,0.0914,0.0882
2151,0.0946,0.0739,0.0903,0.086266666666667,0.0958,0.0736,0.0914,0.086933333333333
2163,0.0937,0.0771,0.0885,0.086433333333333,0.0951,0.0768,0.0897,0.0872
2165,0.0923,0.0756,0.0885,0.085466666666667,0.0937,0.0753,0.0899,0.0863
2167,0.0945,0.0765,0.0887,0.086566666666667,0.0959,0.0763,0.0902,0.087466666666667
2180,0.091,0.0721,0.0858,0.082966666666667,0.0924,0.0719,0.0873,0.083866666666667
2182,0.0923,0.0734,0.0845,0.0834,0.0936,0.0732,0.086,0.084266666666667
2184,0.0911,0.072,0.0845,0.082533333333333,0.0923,0.0719,0.0859,0.083366666666667
2199,0.0935,0.0742,0.0893,0.085666666666667,0.0947,0.0742,0.0908,0.086566666666667
2201,0.0921,0.0732,0.0907,0.085333333333333,0.0932,0.0732,0.0921,0.086166666666667
2203,0.0944,0.0757,0.0972,0.0891,0.0955,0.0757,0.0986,0.089933333333333
2218,0.0978,0.0798,0.1024,0.093333333333333,0.0988,0.0799,0.1037,0.094133333333333
2220,0.1023,0.0847,0.113,0.1,0.1032,0.0848,0.1143,0.100766666666667
2230,0.1043,0.0885,0.1223,0.105033333333333,0.1052,0.0886,0.1235,0.105766666666667
2232,0.1011,0.0809,0.1241,0.102033333333333,0.1018,0.0811,0.1253,0.102733333333333
2234,0.1037,0.0817,0.1289,0.104766666666667,0.1043,0.0819,0.13,0.1054
2236,0.1083,0.0803,0.1362,0.108266666666667,0.1088,0.0804,0.1372,0.1088
2247,0.1251,0.0843,0.1613,0.123566666666667,0.1258,0.0844,0.1622,0.124133333333333
2249,0.1393,0.0885,0.1842,0.137333333333333,0.1396,0.0887,0.1849,0.137733333333333
2251,0.1617,0.0963,0.2122,0.156733333333333,0.1621,0.0964,0.2129,0.157133333333333
2258,0.1671,0.0923,0.197,0.152133333333333,0.1674,0.0924,0.1975,0.152433333333333
2260,0.1936,0.1,0.2124,0.168666666666667,0.1939,0.1001,0.2129,0.168966666666667
2262,0.2168,0.1032,0.2269,0.1823,0.217,0.1032,0.2273,0.1825
2274,0.2233,0.1064,0.2086,0.179433333333333,0.2237,0.1065,0.2089,0.1797
2276,0.2168,0.1077,0.2145,0.179666666666667,0.2172,0.1079,0.2145,0.179866666666667
2278,0.2256,0.1142,0.2119,0.1839,0.2261,0.1144,0.2118,0.1841
2293,0.2293,0.1124,0.2163,0.186,0.2299,0.1125,0.2161,0.186166666666667
2295,0.246,0.1234,0.2244,0.197933333333333,0.247,0.1235,0.2241,0.1982
2305,0.2559,0.1261,0.2374,0.206466666666667,0.257,0.1261,0.2371,0.206733333333333
2307,0.2283,0.1137,0.2292,0.1904,0.2293,0.1137,0.2288,0.1906
2309,0.2344,0.1179,0.2437,0.198666666666667,0.2354,0.1179,0.2433,0.198866666666667
2311,0.2229,0.1155,0.2489,0.195766666666667,0.2239,0.1155,0.2485,0.195966666666667
2318,0.2097,0.1133,0.2273,0.183433333333333,0.2108,0.1134,0.2269,0.1837
2320,0.2115,0.1151,0.2339,0.186833333333333,0.2124,0.1151,0.2335,0.187
2322,0.2207,0.1194,0.2297,0.189933333333333,0.2217,0.1195,0.2293,0.190166666666667
2332,0.2177,0.1187,0.2231,0.1865,0.2191,0.1187,0.2227,0.186833333333333
2334,0.2129,0.1116,0.2253,0.183266666666667,0.2145,0.1116,0.225,0.1837
2336,0.2229,0.1123,0.2284,0.187866666666667,0.2247,0.1121,0.2281,0.1883
2349,0.2381,0.117,0.227,0.194033333333333,0.2402,0.1169,0.2268,0.194633333333333
2351,0.2476,0.1198,0.2272,0.1982,0.2498,0.1199,0.227,0.1989
2353,0.2713,0.1323,0.235,0.212866666666667,0.2737,0.1325,0.2349,0.2137
2360,0.2831,0.1439,0.2363,0.2211,0.2853,0.1441,0.2361,0.221833333333333
2362,0.2858,0.1448,0.2406,0.223733333333333,0.2876,0.145,0.2403,0.2243
2364,0.313,0.1601,0.2567,0.243266666666667,0.3145,0.1604,0.2563,0.243733333333333
2370,0.3064,0.1625,0.2495,0.239466666666667,0.3078,0.1626,0.2492,0.239866666666667
2372,0.2762,0.1546,0.2323,0.221033333333333,0.2776,0.1546,0.232,0.2214
2374,0.2807,0.168,0.2378,0.228833333333333,0.282,0.1678,0.2375,0.2291
2386,0.2677,0.1677,0.223,0.219466666666667,0.269,0.1675,0.2226,0.2197
2388,0.2494,0.1545,0.2054,0.2031,0.2509,0.1543,0.2051,0.203433333333333
2390,0.2438,0.1584,0.2011,0.2011,0.2454,0.1581,0.2008,0.201433333333333
2403,0.2529,0.1732,0.215,0.2137,0.2547,0.1729,0.2146,0.214066666666667
2405,0.2606,0.193,0.2215,0.225033333333333,0.2626,0.1927,0.2211,0.225466666666667
2407,0.2761,0.2151,0.2424,0.244533333333333,0.2783,0.2148,0.242,0.245033333333333
2422,0.2673,0.208,0.2453,0.2402,0.2698,0.2078,0.2448,0.2408
2424,0.2892,0.2259,0.2702,0.261766666666667,0.2919,0.2258,0.2697,0.262466666666667
2426,0.2941,0.2315,0.2858,0.270466666666667,0.297,0.2315,0.2852,0.271233333333333
2437,0.289,0.2368,0.2922,0.272666666666667,0.2922,0.2368,0.2916,0.273533333333333
2439,0.294,0.2464,0.2995,0.279966666666667,0.2971,0.2463,0.299,0.2808
2441,0.2965,0.2607,0.3145,0.290566666666667,0.2997,0.2605,0.3139,0.291366666666667
2448,0.273,0.2478,0.2961,0.2723,0.276,0.2477,0.2956,0.2731
2450,0.2509,0.2243,0.2665,0.247233333333333,0.2537,0.2242,0.2659,0.247933333333333
2452,0.2321,0.2143,0.2551,0.233833333333333,0.2347,0.2142,0.2546,0.2345
2467,0.2219,0.2109,0.2494,0.2274,0.2246,0.2109,0.2488,0.2281
2469,0.2251,0.2033,0.2473,0.225233333333333,0.2279,0.2033,0.2467,0.225966666666667
2471,0.2283,0.2124,0.2522,0.230966666666667,0.2311,0.2125,0.2516,0.231733333333333
2481,0.2463,0.2396,0.2767,0.2542,0.2493,0.2399,0.276,0.255066666666667
2483,0.2656,0.2503,0.2999,0.271933333333333,0.2688,0.2505,0.2992,0.272833333333333
2485,0.2902,0.2793,0.336,0.301833333333333,0.2936,0.2796,0.3352,0.3028
2503,0.2877,0.2804,0.3455,0.304533333333333,0.291,0.2806,0.3448,0.305466666666667
2505,0.2705,0.2832,0.331,0.2949,0.2738,0.2834,0.3303,0.295833333333333
2507,0.2752,0.3001,0.3531,0.309466666666667,0.2783,0.3003,0.3525,0.310366666666667
2514,0.2633,0.3047,0.343,0.303666666666667,0.2662,0.3049,0.3425,0.304533333333333
2516,0.2443,0.2752,0.312,0.277166666666667,0.2471,0.2754,0.3115,0.278
2518,0.2376,0.3062,0.3144,0.286066666666667,0.2401,0.3063,0.314,0.2868
2531,0.2455,0.2819,0.3258,0.2844,0.2479,0.2821,0.3253,0.2851
2533,0.2794,0.2614,0.3292,0.29,0.2823,0.2619,0.3285,0.2909
2535,0.2974,0.2586,0.3482,0.3014,0.3003,0.2593,0.3474,0.302333333333333
2550,0.2958,0.2284,0.3203,0.2815,0.2987,0.2293,0.3194,0.282466666666667
2552,0.2869,0.224,0.3086,0.273166666666667,0.2894,0.2249,0.3077,0.274
2554,0.2999,0.2084,0.3006,0.269633333333333,0.3023,0.2095,0.2995,0.270433333333333
2570,0.3234,0.2348,0.3176,0.291933333333333,0.3262,0.2359,0.3165,0.292866666666667
2572,0.3639,0.241,0.3468,0.317233333333333,0.3668,0.2423,0.3455,0.3182
2582,0.4043,0.2667,0.3693,0.346766666666667,0.4073,0.268,0.3681,0.3478
2584,0.3697,0.255,0.3239,0.3162,0.3726,0.2563,0.3227,0.3172
2586,0.4128,0.2855,0.3214,0.3399,0.4157,0.2868,0.3203,0.340933333333333
2588,0.4069,0.2878,0.2961,0.330266666666667,0.4096,0.289,0.295,0.3312
2595,0.3886,0.2608,0.2678,0.305733333333333,0.3912,0.2621,0.2666,0.306633333333333
2597,0.3546,0.2486,0.2497,0.2843,0.3569,0.2497,0.2485,0.285033333333333
2599,0.3366,0.2299,0.2333,0.2666,0.3388,0.2311,0.2321,0.267333333333333
2617,0.3916,0.2457,0.2409,0.292733333333333,0.3939,0.247,0.2398,0.293566666666667
2619,0.4075,0.2405,0.2386,0.295533333333333,0.4099,0.2419,0.2375,0.296433333333333
2629,0.4627,0.2619,0.2498,0.3248,0.4653,0.2634,0.2488,0.325833333333333
2631,0.4623,0.269,0.2498,0.327033333333333,0.4646,0.2704,0.249,0.328
2633,0.5241,0.2859,0.2656,0.358533333333333,0.5265,0.2872,0.265,0.359566666666667
2635,0.5434,0.3018,0.2747,0.3733,0.5457,0.303,0.2742,0.3743
2647,0.5439,0.3165,0.2658,0.3754,0.546,0.3178,0.2653,0.376366666666667
2649,0.5499,0.3286,0.2467,0.375066666666667,0.5519,0.3301,0.2464,0.376133333333333
2651,0.5516,0.3522,0.2446,0.3828,0.5535,0.3538,0.2444,0.3839
2658,0.5227,0.3503,0.2392,0.370733333333333,0.5243,0.352,0.239,0.371766666666667
2660,0.5275,0.3314,0.2497,0.369533333333333,0.529,0.3332,0.2496,0.3706
2662,0.5024,0.3338,0.2498,0.362,0.5036,0.3357,0.2499,0.363066666666667
2682,0.4654,0.3183,0.2342,0.3393,0.4664,0.3201,0.2344,0.3403
2684,0.436,0.3318,0.2386,0.335466666666667,0.4367,0.3337,0.2388,0.3364
2686,0.4125,0.3278,0.2419,0.3274,0.413,0.3296,0.2421,0.328233333333333
2697,0.423,0.2964,0.2197,0.313033333333333,0.4236,0.2982,0.2199,0.3139
2699,0.4253,0.2917,0.2043,0.3071,0.4261,0.2935,0.2044,0.308
2701,0.4567,0.2676,0.1883,0.3042,0.4577,0.2693,0.1883,0.3051
2709,0.4992,0.2592,0.1889,0.315766666666667,0.5005,0.261,0.1889,0.3168
2711,0.5066,0.2819,0.2045,0.331,0.508,0.2838,0.2046,0.332133333333333
2713,0.5563,0.2855,0.2245,0.355433333333333,0.5579,0.2876,0.2246,0.3567
2726,0.5653,0.2726,0.2278,0.355233333333333,0.5671,0.2747,0.2278,0.356533333333333
2728,0.5308,0.274,0.2196,0.341466666666667,0.5327,0.2761,0.2197,0.342833333333333
2730,0.5455,0.2674,0.2323,0.3484,0.5476,0.2695,0.2323,0.3498
2737,0.498,0.2348,0.2192,0.317333333333333,0.5,0.2368,0.2191,0.318633333333333
2739,0.4489,0.2197,0.1994,0.289333333333333,0.4506,0.2216,0.1992,0.290466666666667
2741,0.4072,0.194,0.1954,0.265533333333333,0.4089,0.1958,0.1951,0.2666
2748,0.3995,0.1812,0.1905,0.257066666666667,0.4012,0.1829,0.1902,0.2581
2750,0.4341,0.1944,0.1971,0.2752,0.4359,0.1962,0.197,0.276366666666667
2752,0.4421,0.1936,0.2001,0.2786,0.4439,0.1953,0.1999,0.2797
2769,0.4502,0.192,0.189,0.277066666666667,0.4523,0.1938,0.189,0.278366666666667
2771,0.4781,0.2068,0.1916,0.292166666666667,0.4804,0.2086,0.1917,0.293566666666667
2773,0.4915,0.2109,0.1895,0.2973,0.494,0.2128,0.1898,0.298866666666667
2791,0.4442,0.1909,0.1733,0.269466666666667,0.4467,0.1927,0.1735,0.270966666666667
2793,0.4073,0.1806,0.1685,0.252133333333333,0.4097,0.1824,0.1685,0.253533333333333
2795,0.3615,0.165,0.1605,0.229,0.3639,0.1667,0.1604,0.230333333333333
2815,0.3134,0.1418,0.151,0.202066666666667,0.3154,0.1434,0.1508,0.2032
2817,0.3071,0.136,0.1567,0.199933333333333,0.3088,0.1375,0.1565,0.200933333333333
2819,0.2774,0.1213,0.1587,0.1858,0.2786,0.1227,0.1584,0.186566666666667
2839,0.2897,0.1256,0.1544,0.1899,0.2909,0.1269,0.1542,0.190666666666667
2841,0.3363,0.144,0.1611,0.2138,0.3378,0.1454,0.1611,0.214766666666667
2843,0.3555,0.1532,0.1683,0.225666666666667,0.357,0.1546,0.1685,0.2267
2856,0.3308,0.1451,0.1568,0.2109,0.3325,0.1464,0.157,0.211966666666667
2858,0.3266,0.1462,0.1491,0.2073,0.3287,0.1477,0.1494,0.2086
2860,0.3112,0.1452,0.1471,0.201166666666667,0.3135,0.1465,0.1475,0.2025
2878,0.2551,0.1276,0.1342,0.1723,0.2572,0.1288,0.1344,0.173466666666667
2880,0.2269,0.1161,0.1287,0.157233333333333,0.2288,0.1172,0.1287,0.158233333333333
2882,0.1761,0.1029,0.1238,0.134266666666667,0.1775,0.1038,0.1236,0.134966666666667
2899,0.1626,0.0961,0.1181,0.1256,0.1632,0.0968,0.1179,0.125966666666667
2901,0.1924,0.0993,0.1257,0.139133333333333,0.1928,0.1,0.1257,0.1395
2903,0.21,0.1039,0.1312,0.148366666666667,0.2099,0.1044,0.1313,0.148533333333333
2916,0.219,0.1113,0.1347,0.155,0.219,0.1116,0.1351,0.155233333333333
2918,0.2358,0.1194,0.142,0.165733333333333,0.2364,0.12,0.1426,0.166333333333333
2920,0.2491,0.1307,0.1559,0.178566666666667,0.25,0.1312,0.1567,0.1793
2938,0.2185,0.1281,0.1512,0.165933333333333,0.2193,0.1283,0.1519,0.1665
2940,0.1908,0.1215,0.1396,0.150633333333333,0.1919,0.1218,0.1401,0.151266666666667
2942,0.1744,0.1276,0.1439,0.148633333333333,0.1757,0.1278,0.1443,0.149266666666667
2962,0.1488,0.1198,0.1391,0.1359,0.1496,0.1197,0.1395,0.136266666666667
2964,0.1307,0.1065,0.1256,0.120933333333333,0.1311,0.1065,0.1259,0.121166666666667
2966,0.1192,0.1048,0.1298,0.117933333333333,0.119,0.1047,0.1301,0.117933333333333
2984,0.1286,0.1063,0.1428,0.1259,0.128,0.106,0.1436,0.125866666666667
2986,0.1407,0.1034,0.1457,0.129933333333333,0.1401,0.1031,0.1468,0.13
2988,0.1627,0.1114,0.1654,0.1465,0.1619,0.1109,0.1667,0.1465
3004,0.1783,0.1221,0.163,0.154466666666667,0.1778,0.1216,0.1643,0.154566666666667
3006,0.1821,0.1289,0.1797,0.163566666666667,0.1816,0.1285,0.1811,0.163733333333333
3008,0.1998,0.1421,0.1814,0.174433333333333,0.1996,0.1417,0.1826,0.174633333333333
3021,0.2079,0.1484,0.168,0.174766666666667,0.2078,0.1479,0.1693,0.175
3023,0.2007,0.1435,0.1711,0.171766666666667,0.2004,0.143,0.1726,0.172
3025,0.2109,0.1541,0.1865,0.183833333333333,0.2107,0.1536,0.1877,0.184
3032,0.222,0.1617,0.1778,0.187166666666667,0.2219,0.1612,0.1788,0.1873
3034,0.2156,0.1577,0.1672,0.180166666666667,0.2156,0.1572,0.168,0.180266666666667
3036,0.2297,0.1702,0.1735,0.191133333333333,0.2298,0.1698,0.174,0.1912
3042,0.251,0.2124,0.1842,0.215866666666667,0.2512,0.2123,0.1846,0.216033333333333
3044,0.2527,0.2425,0.1916,0.228933333333333,0.2528,0.2425,0.1923,0.2292
3046,0.2762,0.3025,0.2138,0.264166666666667,0.2763,0.3027,0.2144,0.264466666666667
3056,0.2959,0.327,0.2177,0.2802,0.2961,0.3273,0.2184,0.2806
3058,0.2973,0.3075,0.2098,0.271533333333333,0.2974,0.3077,0.2106,0.2719
3060,0.3175,0.3458,0.2224,0.295233333333333,0.3175,0.3459,0.2233,0.295566666666667
3075,0.3237,0.3488,0.2178,0.296766666666667,0.3237,0.349,0.2186,0.2971
3077,0.3084,0.3037,0.2046,0.272233333333333,0.3086,0.3039,0.2051,0.272533333333333
3079,0.3179,0.3131,0.2075,0.2795,0.3181,0.3135,0.208,0.279866666666667
3089,0.3236,0.3045,0.2009,0.276333333333333,0.3241,0.3048,0.2014,0.276766666666667
3091,0.347,0.3367,0.2169,0.3002,0.3475,0.3372,0.2172,0.300633333333333
3093,0.3568,0.3465,0.2268,0.310033333333333,0.3574,0.347,0.227,0.310466666666667
3100,0.3315,0.3161,0.2212,0.2896,0.3323,0.3165,0.2214,0.290066666666667
3102,0.3107,0.2959,0.2093,0.271966666666667,0.3114,0.2963,0.2097,0.272466666666667
3104,0.2908,0.281,0.2112,0.261,0.2916,0.2813,0.2115,0.261466666666667
3124,0.2578,0.2406,0.2056,0.234666666666667,0.2586,0.2407,0.206,0.2351
3126,0.2527,0.2387,0.2227,0.238033333333333,0.2536,0.2387,0.2229,0.2384
3136,0.2332,0.2255,0.2357,0.231466666666667,0.234,0.2252,0.2359,0.2317
3138,0.2122,0.1971,0.2146,0.207966666666667,0.2128,0.1967,0.215,0.208166666666667
3140,0.2029,0.198,0.2305,0.210466666666667,0.2033,0.1975,0.2309,0.210566666666667
3142,0.1884,0.1832,0.2256,0.199066666666667,0.1885,0.1826,0.2261,0.199066666666667
3162,0.1869,0.1674,0.2197,0.191333333333333,0.187,0.1668,0.2202,0.191333333333333
3164,0.2003,0.1747,0.2304,0.2018,0.2005,0.1741,0.2307,0.201766666666667
3166,0.2069,0.1682,0.2328,0.202633333333333,0.2071,0.1676,0.233,0.202566666666667
3186,0.2062,0.1467,0.2032,0.185366666666667,0.2066,0.1461,0.2035,0.1854
3188,0.2098,0.1416,0.1836,0.178333333333333,0.2103,0.1411,0.1838,0.1784
3190,0.215,0.1343,0.1691,0.1728,0.2156,0.1339,0.1694,0.172966666666667
3205,0.2011,0.1119,0.1477,0.153566666666667,0.2016,0.1115,0.1481,0.153733333333333
3207,0.1896,0.1013,0.146,0.145633333333333,0.19,0.1008,0.1465,0.145766666666667
3209,0.1798,0.0901,0.1409,0.136933333333333,0.18,0.0897,0.1416,0.1371
3226,0.169,0.0843,0.1392,0.130833333333333,0.169,0.084,0.1397,0.1309
3228,0.1698,0.0887,0.15,0.136166666666667,0.1697,0.0883,0.1504,0.136133333333333
3230,0.1665,0.0917,0.1562,0.138133333333333,0.1663,0.0913,0.1564,0.138
3237,0.1725,0.0889,0.1424,0.1346,0.1723,0.0886,0.1425,0.134466666666667
3239,0.1866,0.0887,0.1287,0.134666666666667,0.1865,0.0884,0.1288,0.134566666666667
3241,0.1973,0.0935,0.1244,0.1384,0.1972,0.0933,0.1244,0.1383
3256,0.1833,0.0828,0.1093,0.125133333333333,0.1831,0.0826,0.1094,0.125033333333333
3258,0.1768,0.0754,0.1045,0.1189,0.1765,0.0752,0.1046,0.118766666666667
3260,0.17,0.0734,0.1038,0.115733333333333,0.1697,0.0732,0.104,0.115633333333333
3277,0.1467,0.0699,0.0974,0.104666666666667,0.146,0.0698,0.0976,0.104466666666667
3279,0.1374,0.0688,0.0957,0.100633333333333,0.1365,0.0686,0.0958,0.1003
3281,0.1239,0.0664,0.0913,0.093866666666667,0.1227,0.0663,0.0914,0.093466666666667
3289,0.1235,0.0646,0.0877,0.091933333333333,0.1222,0.0644,0.0878,0.091466666666667
3291,0.1239,0.0676,0.0884,0.0933,0.1225,0.0675,0.0885,0.092833333333333
3293,0.1291,0.0694,0.087,0.095166666666667,0.1278,0.0693,0.087,0.0947
3299,0.1269,0.0692,0.0836,0.093233333333333,0.1255,0.0691,0.0836,0.092733333333333
3301,0.1245,0.0716,0.0869,0.094333333333333,0.1229,0.0715,0.0869,0.093766666666667
3303,0.124,0.0741,0.0879,0.095333333333333,0.1223,0.074,0.0878,0.0947
3314,0.1217,0.0714,0.0877,0.0936,0.12,0.0713,0.0876,0.092966666666667
3316,0.1198,0.0685,0.0892,0.0925,0.118,0.0684,0.0891,0.091833333333333
3318,0.1209,0.0684,0.0908,0.093366666666667,0.1192,0.0682,0.0907,0.0927
3328,0.1173,0.0682,0.0871,0.090866666666667,0.1157,0.068,0.0871,0.090266666666667
3330,0.113,0.0663,0.0843,0.087866666666667,0.1114,0.0661,0.0843,0.087266666666667
3332,0.1136,0.066,0.0831,0.087566666666667,0.1121,0.0658,0.0831,0.087
3347,0.1126,0.0665,0.0816,0.0869,0.1111,0.0663,0.0817,0.086366666666667
3349,0.1117,0.0661,0.0794,0.085733333333333,0.1102,0.066,0.0794,0.0852
3351,0.111,0.0669,0.0802,0.086033333333333,0.1097,0.0667,0.0802,0.085533333333333
3364,0.108,0.0683,0.0836,0.086633333333333,0.1067,0.0681,0.0835,0.0861
3366,0.1107,0.0693,0.0839,0.087966666666667,0.1092,0.069,0.0837,0.0873
3368,0.1118,0.0721,0.0874,0.090433333333333,0.1101,0.0718,0.0872,0.0897
3376,0.1106,0.0733,0.089,0.090966666666667,0.109,0.073,0.0889,0.0903
3378,0.1105,0.0729,0.0886,0.090666666666667,0.1089,0.0726,0.0885,0.09
3380,0.1113,0.0758,0.0933,0.093466666666667,0.1097,0.0756,0.0932,0.092833333333333
3400,0.1059,0.0759,0.0962,0.092666666666667,0.1044,0.0756,0.096,0.092
3402,0.0995,0.0713,0.0899,0.0869,0.0981,0.071,0.0897,0.086266666666667
3404,0.0943,0.0716,0.0919,0.085933333333333,0.0931,0.0713,0.0918,0.0854
3419,0.0976,0.0747,0.0943,0.088866666666667,0.0964,0.0743,0.094,0.088233333333333
3421,0.1002,0.075,0.0935,0.089566666666667,0.099,0.0747,0.0933,0.089
3423,0.1032,0.0806,0.0974,0.093733333333333,0.102,0.0802,0.097,0.093066666666667
3441,0.1049,0.087,0.0987,0.096866666666667,0.1036,0.0866,0.0983,0.096166666666667
3443,0.1074,0.089,0.0998,0.098733333333333,0.106,0.0886,0.0994,0.098
3445,0.1108,0.099,0.1034,0.1044,0.1093,0.0986,0.103,0.103633333333333
3463,0.1057,0.1039,0.0974,0.102333333333333,0.1043,0.1036,0.097,0.101633333333333
3465,0.0992,0.1002,0.0884,0.095933333333333,0.0978,0.0999,0.088,0.095233333333333
3467,0.0954,0.1069,0.0838,0.095366666666667,0.0941,0.1066,0.0834,0.0947
3480,0.092,0.1082,0.0817,0.093966666666667,0.0908,0.1078,0.0812,0.093266666666667
3482,0.0914,0.1011,0.085,0.0925,0.0902,0.1007,0.0845,0.0918
3484,0.0918,0.1084,0.0891,0.096433333333333,0.0908,0.108,0.0886,0.0958
3499,0.0958,0.1187,0.0921,0.1022,0.0948,0.1183,0.0915,0.101533333333333
3501,0.1003,0.1191,0.0949,0.104766666666667,0.0992,0.1187,0.0944,0.1041
3503,0.106,0.1329,0.1013,0.1134,0.1048,0.1324,0.1006,0.1126
3523,0.1029,0.1504,0.0935,0.1156,0.1017,0.1499,0.0928,0.1148
3525,0.0996,0.1555,0.0861,0.113733333333333,0.0983,0.1551,0.0855,0.112966666666667
3527,0.0996,0.1765,0.0867,0.120933333333333,0.0983,0.1761,0.0861,0.120166666666667
3538,0.0929,0.186,0.0842,0.121033333333333,0.0916,0.1855,0.0836,0.120233333333333
3540,0.0866,0.1761,0.0804,0.114366666666667,0.0853,0.1757,0.0797,0.113566666666667
3542,0.0836,0.1891,0.0827,0.118466666666667,0.0824,0.1886,0.0821,0.1177
3562,0.0847,0.2034,0.0877,0.125266666666667,0.0836,0.2029,0.0871,0.124533333333333
3564,0.0925,0.1866,0.0971,0.1254,0.0914,0.1861,0.0965,0.124666666666667
3566,0.0951,0.2052,0.1043,0.134866666666667,0.0942,0.2046,0.1036,0.134133333333333
3574,0.1021,0.1895,0.1114,0.134333333333333,0.1017,0.1889,0.1107,0.133766666666667
3576,0.1024,0.2013,0.1108,0.138166666666667,0.1021,0.2007,0.1102,0.137666666666667
3578,0.121,0.1999,0.1241,0.148333333333333,0.1213,0.1993,0.1235,0.148033333333333
3589,0.1194,0.205,0.1223,0.1489,0.1197,0.2044,0.1217,0.1486
3591,0.1103,0.2149,0.1172,0.147466666666667,0.1104,0.2143,0.1166,0.1471
3593,0.1119,0.2297,0.1202,0.153933333333333,0.1118,0.2291,0.1196,0.1535
3603,0.1154,0.2239,0.1353,0.1582,0.1153,0.2234,0.1348,0.157833333333333
3605,0.1292,0.2357,0.1553,0.1734,0.1289,0.2353,0.1549,0.173033333333333
3607,0.1425,0.2499,0.1794,0.1906,0.1423,0.2496,0.179,0.1903
3622,0.1328,0.2459,0.1728,0.183833333333333,0.1326,0.2454,0.1723,0.183433333333333
3624,0.1382,0.2509,0.176,0.188366666666667,0.138,0.2505,0.1757,0.188066666666667
3626,0.1364,0.2613,0.1794,0.192366666666667,0.1363,0.2608,0.1791,0.192066666666667
3644,0.1456,0.2568,0.1856,0.196,0.1454,0.2563,0.1853,0.195666666666667
3646,0.1557,0.2833,0.2013,0.213433333333333,0.1557,0.283,0.201,0.213233333333333
3648,0.1734,0.2995,0.2204,0.2311,0.1733,0.2992,0.2201,0.230866666666667
3656,0.1627,0.2864,0.211,0.220033333333333,0.1625,0.2861,0.2108,0.2198
3658,0.143,0.2732,0.187,0.201066666666667,0.1427,0.2728,0.1866,0.2007
3660,0.1383,0.268,0.1853,0.1972,0.138,0.2677,0.185,0.1969
3668,0.1281,0.2231,0.1646,0.171933333333333,0.1281,0.2227,0.1642,0.171666666666667
3670,0.1302,0.237,0.1673,0.178166666666667,0.1304,0.2368,0.167,0.178066666666667
3672,0.1317,0.2282,0.156,0.171966666666667,0.1322,0.228,0.1557,0.171966666666667
3679,0.1191,0.1886,0.1382,0.148633333333333,0.1194,0.1884,0.1379,0.148566666666667
3681,0.1179,0.1664,0.1299,0.138066666666667,0.1182,0.1662,0.1295,0.137966666666667
3683,0.1138,0.1387,0.123,0.125166666666667,0.1141,0.1385,0.1227,0.1251
3698,0.1136,0.1277,0.1187,0.12,0.1138,0.1275,0.1184,0.1199
3700,0.1127,0.1133,0.1161,0.114033333333333,0.1128,0.1132,0.1159,0.113966666666667
3710,0.1164,0.1084,0.1164,0.113733333333333,0.1165,0.1083,0.1164,0.113733333333333
3712,0.1152,0.1056,0.1136,0.111466666666667,0.1151,0.1056,0.1135,0.1114
3714,0.1232,0.1107,0.1165,0.1168,0.1232,0.1107,0.1165,0.1168
3716,0.1288,0.1139,0.1187,0.120466666666667,0.1287,0.1139,0.1188,0.120466666666667
3723,0.1232,0.1011,0.1108,0.1117,0.123,0.1012,0.111,0.111733333333333
3725,0.1212,0.093,0.1092,0.1078,0.1211,0.093,0.1093,0.1078
3727,0.1219,0.086,0.1059,0.1046,0.1218,0.0861,0.1062,0.1047
3737,0.1124,0.0755,0.0974,0.0951,0.1121,0.0756,0.0977,0.095133333333333
3739,0.1124,0.0745,0.095,0.093966666666667,0.112,0.0746,0.0953,0.093966666666667
3749,0.1078,0.0706,0.0903,0.089566666666667,0.1073,0.0706,0.0906,0.0895
3751,0.1023,0.0669,0.0872,0.085466666666667,0.1019,0.067,0.0876,0.0855
3753,0.105,0.0688,0.09,0.087933333333333,0.1047,0.069,0.0905,0.088066666666667
3755,0.1027,0.0689,0.0905,0.087366666666667,0.1025,0.0691,0.091,0.087533333333333
3770,0.0981,0.0671,0.09,0.085066666666667,0.0979,0.0672,0.0905,0.0852
3772,0.1,0.0687,0.0929,0.0872,0.0997,0.0688,0.0933,0.087266666666667
3774,0.098,0.0717,0.0954,0.088366666666667,0.0979,0.0718,0.0957,0.088466666666667
3782,0.0938,0.0699,0.0902,0.084633333333333,0.0935,0.07,0.0904,0.084633333333333
3784,0.0942,0.0664,0.0866,0.0824,0.0939,0.0664,0.0868,0.082366666666667
3786,0.0921,0.0666,0.0825,0.0804,0.0918,0.0666,0.0826,0.080333333333333
3802,0.0884,0.0683,0.0792,0.078633333333333,0.088,0.0683,0.0793,0.078533333333333
3804,0.089,0.0643,0.0801,0.0778,0.0885,0.0643,0.0803,0.0777
3806,0.0883,0.0697,0.0811,0.0797,0.0878,0.0697,0.0813,0.0796
3813,0.0844,0.0722,0.0804,0.079,0.0839,0.0722,0.0807,0.078933333333333
3815,0.0823,0.0695,0.0818,0.077866666666667,0.0819,0.0695,0.0822,0.077866666666667
3817,0.0812,0.0811,0.0848,0.082366666666667,0.0809,0.0811,0.0852,0.0824
3834,0.0813,0.089,0.0864,0.085566666666667,0.081,0.089,0.0867,0.085566666666667
3836,0.0811,0.1044,0.0867,0.090733333333333,0.0809,0.1044,0.0869,0.090733333333333
3838,0.0842,0.1072,0.0897,0.0937,0.0841,0.1072,0.0897,0.093666666666667
3858,0.0886,0.0983,0.0852,0.0907,0.0884,0.0983,0.0852,0.090633333333333
3860,0.0845,0.1016,0.0817,0.089266666666667,0.0841,0.1015,0.0817,0.0891
3862,0.0884,0.0996,0.0806,0.089533333333333,0.088,0.0995,0.0806,0.089366666666667
3874,0.0877,0.091,0.0804,0.086366666666667,0.0874,0.091,0.0804,0.086266666666667
3876,0.0854,0.0874,0.0817,0.084833333333333,0.085,0.0874,0.0818,0.084733333333333
3878,0.0878,0.0835,0.0845,0.085266666666667,0.0875,0.0835,0.0846,0.0852
3884,0.0849,0.0797,0.0829,0.0825,0.0848,0.0797,0.0831,0.082533333333333
3886,0.0772,0.0832,0.0787,0.0797,0.077,0.0832,0.0788,0.079666666666667
3888,0.0786,0.0882,0.084,0.0836,0.0786,0.0882,0.084,0.0836
3894,0.0789,0.0909,0.0858,0.0852,0.0789,0.0909,0.0858,0.0852
3896,0.0714,0.088,0.0824,0.0806,0.0714,0.088,0.0823,0.080566666666667
3898,0.0788,0.0932,0.0915,0.087833333333333,0.0786,0.0932,0.0914,0.087733333333333
3905,0.0749,0.0894,0.0858,0.083366666666667,0.0748,0.0893,0.0856,0.083233333333333
3907,0.0767,0.0911,0.0869,0.0849,0.0765,0.0911,0.0868,0.0848
3909,0.0768,0.0948,0.0919,0.087833333333333,0.0766,0.0947,0.0917,0.087666666666667
3924,0.0734,0.0765,0.0803,0.076733333333333,0.0731,0.0763,0.0801,0.0765
3926,0.0734,0.0775,0.0771,0.076,0.0729,0.0774,0.077,0.075766666666667
3936,0.0775,0.0754,0.0768,0.076566666666667,0.0769,0.0752,0.0767,0.076266666666667
3938,0.086,0.0746,0.0842,0.0816,0.0854,0.0743,0.0842,0.0813
3940,0.0828,0.0712,0.0954,0.083133333333333,0.0822,0.0711,0.0954,0.0829
3942,0.091,0.0758,0.1029,0.0899,0.0903,0.0756,0.103,0.089633333333333
3957,0.0865,0.0742,0.0921,0.084266666666667,0.0858,0.074,0.0923,0.084033333333333
3959,0.0917,0.0833,0.0971,0.0907,0.0911,0.0831,0.0974,0.090533333333333
3961,0.0937,0.0869,0.0957,0.0921,0.0932,0.0868,0.0961,0.092033333333333
3969,0.0833,0.0769,0.0881,0.082766666666667,0.0829,0.0768,0.0885,0.082733333333333
3971,0.0859,0.082,0.0898,0.0859,0.0857,0.082,0.0903,0.086
3973,0.0805,0.0741,0.0852,0.079933333333333,0.0805,0.074,0.0858,0.0801
3981,0.0777,0.0696,0.0793,0.075533333333333,0.0777,0.0694,0.08,0.0757
3983,0.086,0.0839,0.0842,0.0847,0.0858,0.0838,0.0848,0.0848
3985,0.0916,0.0957,0.086,0.0911,0.0913,0.0954,0.0865,0.091066666666667
3997,0.0893,0.0948,0.083,0.089033333333333,0.0888,0.0945,0.0835,0.088933333333333
3999,0.0854,0.0838,0.0857,0.084966666666667,0.0849,0.0835,0.0863,0.0849
4001,0.0845,0.0823,0.0887,0.085166666666667,0.084,0.0821,0.0892,0.0851
4016,0.0784,0.0738,0.0849,0.079033333333333,0.0779,0.0736,0.0855,0.079
4018,0.0764,0.0676,0.0812,0.075066666666667,0.0759,0.0673,0.0817,0.074966666666667
4020,0.0764,0.0684,0.08,0.074933333333333,0.0762,0.0682,0.0805,0.074966666666667
4040,0.0765,0.0675,0.0781,0.074033333333333,0.0765,0.0673,0.0787,0.074166666666667
4042,0.075,0.0645,0.0766,0.072033333333333,0.075,0.0643,0.0773,0.0722
4044,0.0786,0.0653,0.0792,0.074366666666667,0.0788,0.065,0.0799,0.074566666666667
4059,0.0803,0.0651,0.087,0.077466666666667,0.0805,0.0649,0.0877,0.0777
4061,0.0803,0.0668,0.0932,0.0801,0.0804,0.0666,0.094,0.080333333333333
4063,0.0837,0.0686,0.1036,0.0853,0.0837,0.0684,0.1045,0.085533333333333
4076,0.082,0.066,0.1072,0.085066666666667,0.082,0.0659,0.1079,0.085266666666667
4078,0.0813,0.0639,0.1075,0.084233333333333,0.0814,0.0638,0.1081,0.084433333333333
4080,0.083,0.0641,0.1128,0.086633333333333,0.0832,0.0641,0.1134,0.0869
4095,0.0819,0.0642,0.1126,0.086233333333333,0.0821,0.0642,0.1131,0.086466666666667
4097,0.0793,0.0628,0.1074,0.083166666666667,0.0796,0.0628,0.108,0.083466666666667
4099,0.0807,0.0652,0.1095,0.085133333333333,0.0811,0.0652,0.11,0.085433333333333
4114,0.0821,0.0663,0.1099,0.0861,0.0824,0.0663,0.1104,0.086366666666667
4116,0.0847,0.0654,0.1069,0.085666666666667,0.0846,0.0653,0.1076,0.085833333333333
4118,0.0925,0.0688,0.1091,0.090133333333333,0.0923,0.0687,0.1099,0.0903
4136,0.0958,0.0712,0.1106,0.092533333333333,0.0955,0.0712,0.1114,0.0927
4138,0.0953,0.069,0.1048,0.0897,0.095,0.069,0.1055,0.089833333333333
4140,0.0976,0.0713,0.104,0.090966666666667,0.0973,0.0713,0.1046,0.091066666666667
4155,0.0987,0.0753,0.1068,0.0936,0.0984,0.0754,0.1074,0.093733333333333
4157,0.1035,0.0824,0.1149,0.100266666666667,0.1032,0.0825,0.1155,0.1004
4159,0.11,0.0893,0.1227,0.107333333333333,0.1097,0.0894,0.1234,0.1075
4162,0.11,0.0785,0.1077,0.098733333333333,0.1097,0.0787,0.1085,0.098966666666667
4164,0.1092,0.075,0.0969,0.0937,0.109,0.0752,0.0976,0.093933333333333
4166,0.1154,0.0725,0.0909,0.092933333333333,0.1152,0.0727,0.0916,0.093166666666667
4173,0.1065,0.0675,0.0842,0.086066666666667,0.1061,0.0676,0.0849,0.0862
4175,0.1079,0.0685,0.0848,0.087066666666667,0.1075,0.0686,0.0855,0.0872
4177,0.1027,0.0673,0.0825,0.084166666666667,0.1023,0.0674,0.0831,0.084266666666667
4183,0.1004,0.064,0.0788,0.081066666666667,0.0999,0.064,0.0793,0.081066666666667
4185,0.1068,0.0656,0.082,0.0848,0.1062,0.0656,0.0825,0.084766666666667
4187,0.1116,0.0662,0.0843,0.087366666666667,0.111,0.0662,0.0847,0.0873
4202,0.109,0.0651,0.085,0.086366666666667,0.1084,0.0651,0.0853,0.086266666666667
4204,0.1068,0.0658,0.0848,0.0858,0.1063,0.0658,0.0852,0.085766666666667
4206,0.1063,0.0663,0.0879,0.086833333333333,0.1058,0.0663,0.0882,0.086766666666667
4219,0.1014,0.0632,0.0857,0.083433333333333,0.1009,0.0632,0.086,0.083366666666667
4221,0.0973,0.0608,0.0808,0.079633333333333,0.0968,0.0608,0.0811,0.079566666666667
4223,0.095,0.0591,0.081,0.078366666666667,0.0945,0.0591,0.0814,0.078333333333333
4243,0.0927,0.0591,0.0846,0.0788,0.0921,0.0591,0.0848,0.078666666666667
4245,0.0917,0.0596,0.0798,0.077033333333333,0.091,0.0596,0.0801,0.0769
4247,0.0909,0.0606,0.0825,0.078,0.0901,0.0606,0.0827,0.0778
4262,0.094,0.0623,0.089,0.081766666666667,0.0931,0.0622,0.0891,0.081466666666667
4264,0.0976,0.0629,0.0899,0.083466666666667,0.0967,0.0628,0.09,0.083166666666667
4266,0.1032,0.0667,0.0973,0.089066666666667,0.1023,0.0665,0.0974,0.088733333333333
4286,0.1047,0.0698,0.0978,0.090766666666667,0.1038,0.0697,0.0978,0.090433333333333
4288,0.1005,0.0662,0.0903,0.085666666666667,0.0998,0.0662,0.0904,0.085466666666667
4290,0.1028,0.0687,0.0913,0.0876,0.1022,0.0687,0.0914,0.087433333333333
4297,0.1004,0.069,0.0891,0.086166666666667,0.0997,0.0689,0.0892,0.085933333333333
4299,0.0948,0.0658,0.0869,0.0825,0.0941,0.0657,0.087,0.082266666666667
4301,0.0955,0.0664,0.0874,0.0831,0.0949,0.0663,0.0874,0.082866666666667
4312,0.0944,0.068,0.0886,0.083666666666667,0.0936,0.0679,0.0886,0.083366666666667
4314,0.0982,0.0706,0.0919,0.0869,0.0973,0.0706,0.0919,0.0866
4316,0.1017,0.0745,0.0942,0.090133333333333,0.1006,0.0744,0.0941,0.0897
4331,0.1008,0.076,0.0898,0.088866666666667,0.0997,0.076,0.0898,0.0885
4333,0.1027,0.0765,0.0909,0.090033333333333,0.1016,0.0764,0.091,0.089666666666667
4335,0.1059,0.0819,0.0919,0.093233333333333,0.1048,0.0819,0.092,0.0929
4343,0.1011,0.0799,0.0889,0.089966666666667,0.1001,0.08,0.0889,0.089666666666667
4345,0.0979,0.0745,0.0906,0.087666666666667,0.0971,0.0745,0.0906,0.0874
4347,0.0963,0.0797,0.0926,0.089533333333333,0.0956,0.0797,0.0925,0.089266666666667
4362,0.0924,0.0833,0.0892,0.0883,0.0916,0.0834,0.0891,0.088033333333333
4364,0.0923,0.079,0.0866,0.085966666666667,0.0914,0.079,0.0866,0.085666666666667
4366,0.0942,0.0849,0.0873,0.0888,0.0933,0.0849,0.0872,0.088466666666667
4379,0.0957,0.093,0.0857,0.091466666666667,0.0947,0.0931,0.0855,0.0911
4381,0.0971,0.0954,0.0845,0.092333333333333,0.0959,0.0954,0.0844,0.0919
4383,0.1019,0.1109,0.0874,0.100066666666667,0.1005,0.1109,0.0873,0.099566666666667
4393,0.1006,0.1198,0.0869,0.102433333333333,0.0993,0.1198,0.0868,0.101966666666667
4395,0.0973,0.1148,0.0866,0.099566666666667,0.0961,0.1148,0.0864,0.0991
4397,0.0991,0.1319,0.0901,0.107033333333333,0.0979,0.1319,0.09,0.1066
4415,0.097,0.1337,0.0907,0.107133333333333,0.0959,0.1337,0.0904,0.106666666666667
4417,0.0948,0.1212,0.0925,0.102833333333333,0.0938,0.1214,0.0923,0.1025
4419,0.0958,0.1315,0.0967,0.108,0.095,0.1318,0.0963,0.1077
4426,0.1007,0.1254,0.0965,0.107533333333333,0.0996,0.1256,0.0962,0.107133333333333
4428,0.1003,0.1113,0.0912,0.100933333333333,0.099,0.1115,0.0908,0.100433333333333
4430,0.1053,0.1111,0.0905,0.1023,0.1037,0.1111,0.0902,0.101666666666667
4440,0.1072,0.0988,0.0892,0.0984,0.1054,0.0989,0.0889,0.097733333333333
4442,0.1013,0.0978,0.0836,0.094233333333333,0.0995,0.0978,0.0833,0.093533333333333
4444,0.1046,0.0926,0.0865,0.094566666666667,0.1027,0.0927,0.0862,0.093866666666667
4451,0.0973,0.085,0.0785,0.086933333333333,0.0954,0.0851,0.0781,0.0862
4453,0.0937,0.081,0.0754,0.083366666666667,0.0918,0.081,0.075,0.0826
4455,0.0896,0.0823,0.0746,0.082166666666667,0.0878,0.0824,0.0742,0.081466666666667
4470,0.0913,0.0843,0.0757,0.083766666666667,0.0894,0.0843,0.0754,0.083033333333333
4472,0.0968,0.0883,0.0816,0.0889,0.0948,0.0884,0.0814,0.0882
4474,0.1001,0.0886,0.0836,0.090766666666667,0.098,0.0886,0.0834,0.09
4481,0.0959,0.082,0.0827,0.086866666666667,0.0938,0.082,0.0827,0.086166666666667
4493,0.0985,0.0842,0.0974,0.093366666666667,0.0966,0.0842,0.0976,0.0928
4495,0.103,0.0939,0.1061,0.101,0.1013,0.0939,0.1062,0.100466666666667
4513,0.1113,0.1019,0.1167,0.109966666666667,0.1095,0.102,0.1169,0.109466666666667
4515,0.115,0.1023,0.1196,0.1123,0.113,0.1022,0.1199,0.1117
4517,0.1271,0.1173,0.1345,0.1263,0.1251,0.1173,0.1348,0.125733333333333
4530,0.1343,0.1179,0.1372,0.1298,0.1322,0.1178,0.1374,0.129133333333333
4542,0.1366,0.0986,0.1163,0.117166666666667,0.1346,0.0985,0.1163,0.116466666666667
4544,0.1391,0.1017,0.116,0.118933333333333,0.1372,0.1017,0.116,0.1183
4557,0.1492,0.1078,0.1189,0.1253,0.1472,0.1077,0.1189,0.1246
4559,0.1535,0.1083,0.1202,0.127333333333333,0.1514,0.1083,0.1203,0.126666666666667
4561,0.1664,0.1168,0.1272,0.1368,0.1641,0.1167,0.1273,0.136033333333333
4572,0.146,0.1266,0.117,0.129866666666667,0.1437,0.1265,0.117,0.129066666666667
4574,0.1257,0.1214,0.1105,0.1192,0.124,0.1213,0.1103,0.118533333333333
4576,0.123,0.1368,0.1177,0.125833333333333,0.1218,0.1367,0.1174,0.1253
4586,0.1098,0.1116,0.1022,0.107866666666667,0.1085,0.1116,0.1019,0.107333333333333
4588,0.1058,0.112,0.104,0.107266666666667,0.1043,0.112,0.1036,0.106633333333333
4590,0.097,0.1015,0.0957,0.098066666666667,0.0954,0.1015,0.0952,0.097366666666667
4601,0.0933,0.098,0.0876,0.092966666666667,0.0915,0.098,0.0872,0.092233333333333
4603,0.0881,0.0869,0.0788,0.0846,0.0861,0.0868,0.0784,0.083766666666667
4605,0.0861,0.0857,0.0752,0.082333333333333,0.0841,0.0856,0.0749,0.081533333333333
4620,0.0847,0.0832,0.0745,0.0808,0.0826,0.0831,0.0742,0.079966666666667
4622,0.0836,0.0807,0.072,0.078766666666667,0.0815,0.0806,0.0716,0.0779
4624,0.0845,0.0821,0.0738,0.080133333333333,0.0825,0.082,0.0734,0.0793
4634,0.0856,0.0818,0.0738,0.0804,0.0836,0.0818,0.0733,0.079566666666667
4636,0.0918,0.0839,0.0821,0.085933333333333,0.0899,0.0839,0.0816,0.085133333333333
4638,0.0944,0.0844,0.0828,0.0872,0.0926,0.0843,0.0823,0.0864
4648,0.0902,0.0804,0.0786,0.083066666666667,0.0885,0.0803,0.0781,0.0823
4650,0.0944,0.0843,0.0839,0.087533333333333,0.0928,0.0842,0.0834,0.0868
4652,0.0908,0.0886,0.086,0.088466666666667,0.0893,0.0885,0.0856,0.0878
4670,0.0883,0.0911,0.0826,0.087333333333333,0.0867,0.091,0.0822,0.086633333333333
4672,0.0969,0.0958,0.0824,0.0917,0.0951,0.0958,0.0819,0.090933333333333
4674,0.1067,0.1128,0.0878,0.102433333333333,0.1049,0.1128,0.0874,0.1017
4684,0.0981,0.106,0.0804,0.094833333333333,0.0962,0.106,0.0799,0.094033333333333
4686,0.0868,0.089,0.0718,0.082533333333333,0.0849,0.089,0.0713,0.081733333333333
4688,0.0819,0.0876,0.0676,0.079033333333333,0.0799,0.0875,0.067,0.078133333333333
4699,0.0756,0.0828,0.0639,0.0741,0.0737,0.0828,0.0633,0.073266666666667
4701,0.0772,0.0915,0.0647,0.0778,0.0754,0.0915,0.0641,0.077
4703,0.0733,0.0858,0.0635,0.0742,0.0716,0.0858,0.063,0.073466666666667
4718,0.074,0.0894,0.0653,0.076233333333333,0.0724,0.0894,0.0647,0.0755
4720,0.0719,0.0803,0.0651,0.072433333333333,0.0705,0.0802,0.0645,0.071733333333333
4722,0.0752,0.0943,0.0679,0.079133333333333,0.0739,0.0943,0.0672,0.078466666666667
4738,0.0722,0.0885,0.0675,0.076066666666667,0.0709,0.0884,0.0668,0.075366666666667
4740,0.0732,0.1069,0.0735,0.084533333333333,0.072,0.1069,0.0728,0.0839
4742,0.0734,0.1108,0.0799,0.088033333333333,0.0723,0.1108,0.0793,0.087466666666667
4749,0.0786,0.1083,0.082,0.089633333333333,0.0774,0.1083,0.0815,0.089066666666667
4751,0.0748,0.1121,0.0982,0.095033333333333,0.0737,0.1123,0.0976,0.094533333333333
4753,0.0791,0.1155,0.113,0.102533333333333,0.078,0.1157,0.1125,0.102066666666667
4768,0.083,0.113,0.1138,0.103266666666667,0.0821,0.1132,0.1131,0.1028
4770,0.0759,0.108,0.1215,0.1018,0.0755,0.1081,0.1208,0.101466666666667
4772,0.0781,0.1035,0.1375,0.106366666666667,0.0779,0.1037,0.1369,0.106166666666667
4779,0.0778,0.0984,0.1429,0.106366666666667,0.0774,0.0985,0.1423,0.106066666666667
4781,0.0858,0.103,0.163,0.117266666666667,0.0855,0.1031,0.1625,0.117033333333333
4783,0.0939,0.105,0.1779,0.1256,0.0935,0.1052,0.1774,0.125366666666667
4798,0.0924,0.1056,0.1851,0.1277,0.092,0.1057,0.1847,0.127466666666667
4800,0.0883,0.1035,0.1844,0.1254,0.0879,0.1036,0.184,0.125166666666667
4802,0.0967,0.112,0.1962,0.134966666666667,0.0964,0.1121,0.1958,0.134766666666667
4809,0.0913,0.1074,0.1716,0.123433333333333,0.0909,0.1074,0.1712,0.123166666666667
4811,0.0799,0.0966,0.1307,0.1024,0.0794,0.0966,0.1303,0.1021
4813,0.0802,0.0963,0.1108,0.095766666666667,0.0795,0.0964,0.1105,0.095466666666667
4816,0.0716,0.0843,0.0907,0.0822,0.0708,0.0843,0.0903,0.0818
4818,0.0704,0.0782,0.0777,0.075433333333333,0.0695,0.0782,0.0773,0.075
4828,0.0686,0.0719,0.0684,0.069633333333333,0.0677,0.0718,0.0679,0.069133333333333
4830,0.0621,0.0629,0.0623,0.062433333333333,0.0613,0.0628,0.0619,0.062
4832,0.0616,0.0637,0.0641,0.063133333333333,0.061,0.0635,0.0638,0.062766666666667
4834,0.0585,0.0618,0.061,0.060433333333333,0.058,0.0617,0.0607,0.060133333333333
4847,0.0591,0.0624,0.0645,0.062,0.0587,0.0622,0.0642,0.0617
4849,0.0593,0.0608,0.0646,0.061566666666667,0.059,0.0607,0.0643,0.061333333333333
4851,0.0616,0.0618,0.0702,0.064533333333333,0.0615,0.0617,0.0699,0.064366666666667
4857,0.0575,0.0563,0.0665,0.0601,0.0574,0.0562,0.0661,0.0599
4859,0.0589,0.0573,0.0693,0.061833333333333,0.0589,0.0573,0.069,0.061733333333333
4861,0.0564,0.0531,0.0679,0.059133333333333,0.0564,0.0531,0.0677,0.059066666666667
4867,0.0544,0.0506,0.0644,0.056466666666667,0.0545,0.0506,0.0641,0.0564
4869,0.0526,0.0504,0.0648,0.055933333333333,0.0527,0.0504,0.0645,0.055866666666667
4871,0.0521,0.0495,0.0613,0.0543,0.0522,0.0495,0.0609,0.0542
4888,0.0528,0.0501,0.0631,0.055333333333333,0.0528,0.0501,0.0627,0.0552
4890,0.059,0.0521,0.0609,0.057333333333333,0.0591,0.0521,0.0606,0.057266666666667
4892,0.0611,0.0523,0.0603,0.0579,0.061,0.0523,0.06,0.057766666666667
4904,0.0666,0.0563,0.0647,0.062533333333333,0.0665,0.0563,0.0645,0.062433333333333
4906,0.0739,0.062,0.072,0.0693,0.0737,0.062,0.0718,0.069166666666667
4908,0.0848,0.0697,0.0819,0.0788,0.0845,0.0697,0.0818,0.078666666666667
4918,0.0936,0.0736,0.0846,0.083933333333333,0.0932,0.0736,0.0845,0.083766666666667
4920,0.1132,0.0832,0.0969,0.097766666666667,0.1127,0.0833,0.0968,0.0976
4930,0.1296,0.0914,0.1052,0.108733333333333,0.129,0.0914,0.1051,0.1085
4932,0.1365,0.0953,0.1075,0.1131,0.1358,0.0954,0.1074,0.112866666666667
4934,0.1407,0.0957,0.1052,0.113866666666667,0.14,0.0958,0.105,0.1136
4936,0.1574,0.1023,0.1108,0.1235,0.1567,0.1024,0.1106,0.123233333333333
4949,0.154,0.0948,0.1022,0.117,0.1533,0.095,0.102,0.116766666666667
4951,0.1342,0.0833,0.0886,0.102033333333333,0.1336,0.0834,0.0884,0.1018
4953,0.1517,0.0799,0.0828,0.1048,0.1513,0.08,0.0826,0.104633333333333
4956,0.1233,0.074,0.0755,0.090933333333333,0.1227,0.0741,0.0753,0.0907
4958,0.0985,0.0725,0.076,0.082333333333333,0.0979,0.0726,0.0758,0.0821
4960,0.0806,0.0701,0.0755,0.0754,0.0801,0.0703,0.0752,0.0752
4977,0.0702,0.0612,0.068,0.066466666666667,0.0698,0.0613,0.0677,0.066266666666667
4979,0.0678,0.0598,0.0662,0.0646,0.0675,0.0599,0.066,0.064466666666667
4981,0.0609,0.0555,0.0637,0.060033333333333,0.0608,0.0556,0.0635,0.059966666666667
4993,0.0624,0.057,0.0665,0.061966666666667,0.0623,0.0571,0.0664,0.061933333333333
4995,0.0568,0.0541,0.0742,0.0617,0.0567,0.0541,0.0741,0.061633333333333
4997,0.0602,0.0563,0.0751,0.063866666666667,0.06,0.0563,0.0749,0.063733333333333
5010,0.0579,0.0554,0.0737,0.062333333333333,0.0577,0.0555,0.0735,0.062233333333333
5012,0.0604,0.0573,0.0862,0.067966666666667,0.06,0.0573,0.0862,0.067833333333333
5014,0.0591,0.0579,0.0806,0.065866666666667,0.0587,0.0579,0.0805,0.0657
5025,0.0576,0.0575,0.0743,0.063133333333333,0.0569,0.0575,0.0741,0.062833333333333
5027,0.0562,0.0573,0.0704,0.0613,0.0556,0.0572,0.0702,0.061
5029,0.0552,0.0565,0.0672,0.059633333333333,0.0544,0.0564,0.0669,0.059233333333333
5039,0.0552,0.0567,0.0651,0.059,0.0544,0.0565,0.0646,0.0585
5041,0.0547,0.0558,0.0641,0.0582,0.0537,0.0557,0.0636,0.057666666666667
5043,0.0549,0.0553,0.0621,0.057433333333333,0.0538,0.0551,0.0616,0.056833333333333
5058,0.0555,0.0546,0.0539,0.054666666666667,0.0542,0.0544,0.0533,0.053966666666667
5060,0.0572,0.0558,0.055,0.056,0.056,0.0556,0.0544,0.055333333333333
5062,0.0581,0.0556,0.0535,0.055733333333333,0.0568,0.0554,0.0529,0.055033333333333
5072,0.0595,0.0582,0.0521,0.0566,0.058,0.0579,0.0515,0.0558
5074,0.0607,0.0595,0.0501,0.056766666666667,0.0591,0.0593,0.0495,0.055966666666667
5076,0.0638,0.0651,0.0508,0.0599,0.062,0.0649,0.0502,0.059033333333333
5088,0.0679,0.0647,0.0514,0.061333333333333,0.066,0.0644,0.0508,0.0604
5090,0.0728,0.0688,0.0556,0.065733333333333,0.0708,0.0686,0.0551,0.064833333333333
5092,0.0797,0.0737,0.0595,0.070966666666667,0.0775,0.0734,0.0591,0.07
5109,0.0829,0.0786,0.0606,0.074033333333333,0.0805,0.0782,0.0602,0.072966666666667
5111,0.0832,0.0801,0.0607,0.074666666666667,0.0808,0.0797,0.0602,0.073566666666667
5113,0.0872,0.091,0.0651,0.0811,0.0847,0.0906,0.0648,0.080033333333333
5131,0.0857,0.0929,0.0629,0.0805,0.0833,0.0926,0.0625,0.079466666666667
5133,0.09,0.1022,0.0677,0.086633333333333,0.0876,0.1019,0.0674,0.085633333333333
5135,0.0906,0.1077,0.0696,0.0893,0.0881,0.1074,0.0694,0.0883
5141,0.097,0.1189,0.0765,0.097466666666667,0.0945,0.1186,0.0764,0.0965
5143,0.0981,0.1259,0.0813,0.101766666666667,0.0957,0.1256,0.0812,0.100833333333333
5145,0.1056,0.1386,0.0918,0.112,0.1034,0.1383,0.0917,0.111133333333333
5152,0.1165,0.1367,0.1039,0.119033333333333,0.1143,0.1366,0.1038,0.118233333333333
5154,0.1416,0.1549,0.1333,0.143266666666667,0.1397,0.1549,0.1332,0.1426
5156,0.1696,0.1743,0.1637,0.1692,0.1679,0.1744,0.1637,0.168666666666667
5166,0.1539,0.1539,0.1459,0.151233333333333,0.1521,0.1539,0.1459,0.150633333333333
5168,0.1285,0.1301,0.1166,0.125066666666667,0.1263,0.13,0.1168,0.124366666666667
5170,0.1149,0.1123,0.1015,0.109566666666667,0.1125,0.1122,0.1017,0.1088
5185,0.123,0.1163,0.11,0.116433333333333,0.1205,0.1161,0.1104,0.115666666666667
5187,0.115,0.1041,0.1043,0.1078,0.1123,0.1038,0.1048,0.106966666666667
5189,0.119,0.1059,0.1087,0.1112,0.1161,0.1056,0.1093,0.110333333333333
5199,0.1147,0.1011,0.1056,0.107133333333333,0.1122,0.1008,0.1063,0.106433333333333
5201,0.1166,0.1008,0.1092,0.108866666666667,0.1139,0.1005,0.1099,0.1081
5203,0.1145,0.0989,0.1084,0.107266666666667,0.1121,0.0986,0.1091,0.1066
5218,0.1216,0.1056,0.1171,0.114766666666667,0.1194,0.1053,0.1179,0.1142
5220,0.1168,0.1029,0.1144,0.111366666666667,0.1148,0.1026,0.1151,0.110833333333333
5222,0.1224,0.11,0.122,0.118133333333333,0.1205,0.1097,0.1228,0.117666666666667
5237,0.1228,0.1182,0.1276,0.122866666666667,0.1213,0.1179,0.1283,0.1225
5239,0.1342,0.1361,0.1453,0.138533333333333,0.1329,0.1359,0.146,0.138266666666667
5241,0.1421,0.1495,0.1576,0.149733333333333,0.141,0.1493,0.1582,0.1495
5244,0.1374,0.1446,0.1507,0.144233333333333,0.1363,0.1444,0.1513,0.144
5246,0.1435,0.153,0.1573,0.151266666666667,0.1425,0.1529,0.1578,0.151066666666667
5248,0.1437,0.1532,0.1569,0.151266666666667,0.1427,0.153,0.1574,0.151033333333333
5268,0.1277,0.1319,0.1336,0.131066666666667,0.1267,0.1318,0.134,0.130833333333333
5270,0.1232,0.1272,0.1283,0.126233333333333,0.1222,0.127,0.1287,0.125966666666667
5280,0.1153,0.1151,0.1157,0.115366666666667,0.1144,0.1149,0.116,0.1151
5282,0.1181,0.1163,0.1164,0.116933333333333,0.1172,0.1161,0.1165,0.1166
5284,0.1094,0.1044,0.1049,0.106233333333333,0.1084,0.1042,0.1049,0.105833333333333
5286,0.1139,0.1104,0.1122,0.112166666666667,0.113,0.1103,0.112,0.111766666666667
5293,0.1077,0.0969,0.0992,0.101266666666667,0.1067,0.0967,0.099,0.1008
5295,0.1157,0.105,0.1097,0.110133333333333,0.1148,0.1049,0.1093,0.109666666666667
5297,0.1177,0.1045,0.1071,0.109766666666667,0.1168,0.1043,0.1067,0.109266666666667
5307,0.1227,0.1074,0.1081,0.112733333333333,0.1217,0.1072,0.1077,0.1122
5309,0.1295,0.1134,0.1143,0.119066666666667,0.1285,0.1133,0.1137,0.1185
5311,0.1379,0.1223,0.1198,0.126666666666667,0.1369,0.1222,0.1193,0.126133333333333
5322,0.1224,0.113,0.1141,0.1165,0.1216,0.1129,0.1136,0.116033333333333
5324,0.1188,0.1131,0.1146,0.1155,0.1181,0.1131,0.1142,0.115133333333333
5326,0.1097,0.1119,0.1162,0.1126,0.1092,0.1119,0.1159,0.112333333333333
5339,0.0966,0.0984,0.1028,0.099266666666667,0.0962,0.0983,0.1024,0.098966666666667
5341,0.0925,0.0993,0.0991,0.096966666666667,0.0919,0.0993,0.0987,0.096633333333333
5343,0.0817,0.087,0.0866,0.0851,0.0811,0.0869,0.0863,0.084766666666667
5350,0.0739,0.0824,0.0859,0.080733333333333,0.0735,0.0822,0.0856,0.080433333333333
5352,0.0698,0.0728,0.0795,0.074033333333333,0.0697,0.0727,0.0792,0.073866666666667
5354,0.0677,0.0756,0.0844,0.0759,0.0677,0.0755,0.084,0.075733333333333
5374,0.0691,0.0844,0.0912,0.081566666666667,0.069,0.0844,0.0909,0.081433333333333
5376,0.0705,0.0838,0.0913,0.081866666666667,0.0703,0.0837,0.0911,0.0817
5378,0.0733,0.0898,0.0986,0.087233333333333,0.073,0.0897,0.0984,0.087033333333333
5394,0.0785,0.0941,0.1013,0.0913,0.0781,0.094,0.1012,0.0911
5396,0.0914,0.104,0.1095,0.101633333333333,0.0911,0.1038,0.1094,0.101433333333333
5406,0.0975,0.111,0.1144,0.107633333333333,0.0972,0.1108,0.1143,0.107433333333333
5408,0.0937,0.1047,0.1107,0.103033333333333,0.0929,0.1045,0.1106,0.102666666666667
5410,0.094,0.1063,0.1149,0.105066666666667,0.0931,0.1061,0.1148,0.104666666666667
5412,0.1008,0.1086,0.1209,0.1101,0.0996,0.1084,0.1208,0.1096
5415,0.0965,0.0986,0.109,0.101366666666667,0.0952,0.0984,0.1089,0.100833333333333
5417,0.0882,0.0893,0.0958,0.0911,0.087,0.0891,0.0957,0.0906
5419,0.0854,0.0827,0.0857,0.0846,0.0841,0.0824,0.0856,0.084033333333333
5436,0.0861,0.082,0.0846,0.084233333333333,0.0849,0.0818,0.0845,0.083733333333333
5438,0.0911,0.0804,0.0823,0.0846,0.0897,0.0802,0.0823,0.084066666666667
5440,0.0926,0.0796,0.0811,0.084433333333333,0.0913,0.0794,0.081,0.0839
5446,0.0882,0.0747,0.0742,0.079033333333333,0.0868,0.0745,0.0741,0.078466666666667
5448,0.0888,0.0748,0.0756,0.079733333333333,0.0875,0.0746,0.0755,0.0792
5450,0.0859,0.0718,0.0714,0.076366666666667,0.0846,0.0716,0.0712,0.0758
5470,0.0881,0.074,0.075,0.079033333333333,0.0868,0.0739,0.0752,0.078633333333333
5472,0.0854,0.0746,0.0754,0.078466666666667,0.0839,0.0743,0.0757,0.077966666666667
5474,0.0893,0.0802,0.0839,0.084466666666667,0.0877,0.08,0.0844,0.084033333333333
5484,0.087,0.0758,0.0797,0.080833333333333,0.0854,0.0755,0.0801,0.080333333333333
5486,0.09,0.0784,0.086,0.0848,0.0885,0.0782,0.0864,0.084366666666667
5488,0.0893,0.0772,0.0866,0.084366666666667,0.0878,0.0769,0.0869,0.083866666666667
5500,0.0906,0.0785,0.0857,0.084933333333333,0.0888,0.0782,0.0861,0.084366666666667
5502,0.0884,0.0766,0.0822,0.0824,0.0866,0.0764,0.0825,0.081833333333333
5504,0.0917,0.0799,0.0831,0.0849,0.0897,0.0797,0.0834,0.084266666666667
5510,0.0938,0.0809,0.086,0.0869,0.0919,0.0806,0.0864,0.0863
5512,0.0995,0.0887,0.0935,0.0939,0.0976,0.0884,0.094,0.093333333333333
5514,0.1032,0.0895,0.0989,0.0972,0.1012,0.0893,0.0994,0.096633333333333
5527,0.1039,0.0913,0.0988,0.098,0.1016,0.0911,0.0993,0.097333333333333
5529,0.1062,0.0922,0.1014,0.099933333333333,0.1038,0.092,0.1018,0.0992
5531,0.1093,0.0956,0.1042,0.103033333333333,0.1067,0.0954,0.1047,0.102266666666667
5551,0.1104,0.1046,0.1107,0.108566666666667,0.1079,0.1044,0.1112,0.107833333333333
5553,0.1159,0.1089,0.1158,0.113533333333333,0.1131,0.1086,0.1163,0.112666666666667
5555,0.1245,0.1196,0.1226,0.122233333333333,0.1216,0.1193,0.1231,0.121333333333333
5573,0.1293,0.1282,0.1297,0.129066666666667,0.1264,0.1279,0.1303,0.1282
5575,0.1312,0.1298,0.1334,0.131466666666667,0.1283,0.1296,0.134,0.130633333333333
5577,0.1411,0.1443,0.1436,0.143,0.1383,0.1441,0.1442,0.1422
5592,0.1376,0.1459,0.1402,0.141233333333333,0.1348,0.1457,0.1409,0.140466666666667
5604,0.1351,0.1239,0.1327,0.130566666666667,0.1321,0.1235,0.1335,0.1297
5606,0.1362,0.1272,0.1342,0.132533333333333,0.1334,0.1269,0.135,0.131766666666667
5612,0.1319,0.1264,0.1319,0.130066666666667,0.1294,0.1262,0.1327,0.129433333333333
5614,0.1222,0.1148,0.1245,0.1205,0.1197,0.1145,0.1251,0.119766666666667
5616,0.1173,0.11,0.1216,0.1163,0.115,0.1098,0.1222,0.115666666666667
5623,0.1087,0.0984,0.1116,0.106233333333333,0.1065,0.0983,0.1122,0.105666666666667
5625,0.1047,0.0974,0.111,0.104366666666667,0.1029,0.0973,0.1115,0.1039
5627,0.0967,0.0882,0.1012,0.095366666666667,0.095,0.0881,0.1016,0.0949
5640,0.0913,0.0796,0.093,0.087966666666667,0.0897,0.0795,0.0934,0.087533333333333
5642,0.084,0.0732,0.0836,0.080266666666667,0.0824,0.0731,0.0839,0.0798
5644,0.079,0.0679,0.0774,0.074766666666667,0.0776,0.0678,0.0776,0.074333333333333
5659,0.0735,0.064,0.0703,0.069266666666667,0.0722,0.0639,0.0703,0.0688
5661,0.0767,0.0644,0.0677,0.0696,0.0751,0.0643,0.0676,0.069
5663,0.0768,0.0663,0.0664,0.069833333333333,0.0753,0.0661,0.0662,0.0692
5666,0.0722,0.0623,0.0626,0.0657,0.0706,0.0621,0.0625,0.065066666666667
5668,0.0686,0.0599,0.0575,0.062,0.067,0.0597,0.0573,0.061333333333333
5670,0.0699,0.0606,0.0594,0.0633,0.0684,0.0603,0.0593,0.062666666666667
5690,0.0699,0.0612,0.0566,0.062566666666667,0.0682,0.0609,0.0565,0.061866666666667
5692,0.0745,0.065,0.0599,0.066466666666667,0.0727,0.0648,0.0599,0.0658
5694,0.0745,0.0646,0.0572,0.065433333333333,0.0725,0.0643,0.0572,0.064666666666667
5712,0.0744,0.0638,0.0576,0.065266666666667,0.0725,0.0635,0.0576,0.064533333333333
5714,0.0738,0.064,0.0564,0.064733333333333,0.0719,0.0637,0.0563,0.063966666666667
5716,0.0747,0.0652,0.0586,0.066166666666667,0.073,0.0649,0.0584,0.065433333333333
5732,0.0807,0.0698,0.063,0.071166666666667,0.0789,0.0694,0.063,0.070433333333333
5734,0.0856,0.0722,0.067,0.074933333333333,0.0837,0.0719,0.0671,0.074233333333333
5736,0.0922,0.0775,0.0729,0.080866666666667,0.0902,0.0772,0.073,0.080133333333333
5746,0.0949,0.0806,0.0772,0.084233333333333,0.0929,0.0803,0.0773,0.0835
5748,0.1015,0.0873,0.0828,0.090533333333333,0.0995,0.0869,0.0829,0.089766666666667
5750,0.1066,0.0932,0.0905,0.096766666666667,0.1046,0.0928,0.0906,0.096
5756,0.1151,0.0985,0.0972,0.1036,0.1131,0.0981,0.0974,0.102866666666667
5758,0.1172,0.1034,0.105,0.108533333333333,0.1153,0.103,0.1051,0.1078
5760,0.1274,0.1114,0.1149,0.1179,0.1255,0.111,0.1151,0.1172
5770,0.1409,0.1204,0.1306,0.130633333333333,0.1389,0.12,0.1308,0.1299
5772,0.1448,0.1268,0.1402,0.137266666666667,0.1428,0.1265,0.1404,0.136566666666667
5774,0.1634,0.1432,0.1638,0.1568,0.1613,0.1428,0.1641,0.156066666666667
5792,0.1643,0.1412,0.1581,0.154533333333333,0.1621,0.1408,0.1585,0.1538
5794,0.184,0.1618,0.178,0.1746,0.1817,0.1614,0.1784,0.173833333333333
5796,0.1945,0.1733,0.1845,0.1841,0.1921,0.1729,0.185,0.183333333333333
5814,0.1951,0.1699,0.1815,0.182166666666667,0.1926,0.1694,0.1819,0.1813
5816,0.1964,0.1692,0.1862,0.183933333333333,0.194,0.1687,0.1865,0.183066666666667
5818,0.2054,0.1778,0.1957,0.192966666666667,0.2031,0.1773,0.196,0.192133333333333
5826,0.1903,0.1658,0.1816,0.179233333333333,0.1881,0.1652,0.1818,0.178366666666667
5828,0.1692,0.1457,0.1604,0.158433333333333,0.1671,0.1452,0.1605,0.1576
5830,0.1556,0.1356,0.1484,0.146533333333333,0.1536,0.1352,0.1484,0.145733333333333
5843,0.1485,0.1294,0.1386,0.138833333333333,0.1463,0.1289,0.1387,0.137966666666667
5845,0.1442,0.1285,0.138,0.1369,0.1422,0.1282,0.1381,0.136166666666667
5847,0.1382,0.1249,0.133,0.132033333333333,0.1361,0.1245,0.1331,0.131233333333333
5854,0.1308,0.1238,0.1313,0.128633333333333,0.1289,0.1235,0.1314,0.127933333333333
5856,0.1219,0.1194,0.1211,0.1208,0.1201,0.1191,0.1212,0.120133333333333
5866,0.1176,0.1137,0.1104,0.1139,0.1155,0.1134,0.1105,0.113133333333333
5868,0.1131,0.1058,0.1027,0.1072,0.1109,0.1054,0.1028,0.106366666666667
5870,0.1141,0.1041,0.0985,0.105566666666667,0.1117,0.1037,0.0987,0.1047
5872,0.1129,0.1003,0.0952,0.1028,0.1105,0.0998,0.0954,0.1019
5885,0.1048,0.0928,0.087,0.094866666666667,0.1024,0.0924,0.0871,0.093966666666667
5887,0.1003,0.0892,0.0827,0.090733333333333,0.0979,0.0888,0.0829,0.089866666666667
5889,0.0936,0.083,0.0753,0.083966666666667,0.0912,0.0825,0.0755,0.083066666666667
5907,0.0874,0.0782,0.0705,0.0787,0.0852,0.0778,0.0706,0.077866666666667
5909,0.0795,0.0711,0.0619,0.070833333333333,0.0773,0.0706,0.0619,0.069933333333333
5911,0.0742,0.0667,0.0571,0.066,0.072,0.0663,0.057,0.0651
5927,0.0696,0.0626,0.0512,0.061133333333333,0.0675,0.0622,0.051,0.060233333333333
5929,0.0673,0.0602,0.0495,0.059,0.0653,0.0599,0.0491,0.0581
5931,0.0648,0.0583,0.0479,0.057,0.0628,0.058,0.0475,0.0561
5951,0.0601,0.0562,0.0474,0.054566666666667,0.0584,0.0559,0.0469,0.053733333333333
5953,0.0582,0.0571,0.0481,0.054466666666667,0.0568,0.0568,0.0476,0.053733333333333
5955,0.0558,0.0571,0.0485,0.0538,0.0546,0.0568,0.048,0.053133333333333
5958,0.0567,0.0565,0.0482,0.0538,0.0554,0.0563,0.0477,0.053133333333333
5960,0.0559,0.0544,0.0498,0.053366666666667,0.0547,0.0542,0.0494,0.052766666666667
5962,0.0591,0.0548,0.0532,0.0557,0.0577,0.0546,0.0529,0.055066666666667
5977,0.0576,0.0538,0.0575,0.0563,0.0565,0.0536,0.0572,0.055766666666667
5979,0.0616,0.0567,0.0633,0.060533333333333,0.0605,0.0566,0.0631,0.060066666666667
5981,0.0619,0.0577,0.0693,0.062966666666667,0.061,0.0576,0.0691,0.062566666666667
5991,0.0616,0.0573,0.0682,0.062366666666667,0.0608,0.0572,0.0681,0.062033333333333
5993,0.0595,0.0581,0.07,0.062533333333333,0.059,0.058,0.0699,0.0623
5995,0.0643,0.0605,0.0723,0.0657,0.0639,0.0604,0.0723,0.065533333333333
6015,0.0701,0.0664,0.0785,0.071666666666667,0.0695,0.0662,0.0785,0.0714
6017,0.0731,0.071,0.0812,0.0751,0.0725,0.0709,0.0813,0.0749
6019,0.0861,0.0828,0.0912,0.0867,0.0854,0.0828,0.0913,0.0865
6026,0.0876,0.0829,0.0911,0.0872,0.0866,0.0829,0.0913,0.086933333333333
6028,0.0798,0.0735,0.0834,0.0789,0.0786,0.0735,0.0836,0.078566666666667
6030,0.086,0.0769,0.0862,0.083033333333333,0.0845,0.0769,0.0864,0.0826
6036,0.0846,0.0782,0.0831,0.081966666666667,0.083,0.0781,0.0832,0.081433333333333
6038,0.0824,0.0823,0.083,0.082566666666667,0.081,0.0822,0.083,0.082066666666667
6040,0.0842,0.0859,0.0822,0.0841,0.0827,0.0858,0.0822,0.083566666666667
6055,0.0874,0.0922,0.0899,0.089833333333333,0.086,0.0922,0.0899,0.089366666666667
6057,0.0898,0.0934,0.0896,0.090933333333333,0.0883,0.0934,0.0895,0.0904
6059,0.0929,0.0996,0.0954,0.095966666666667,0.0915,0.0997,0.0954,0.095533333333333
6074,0.0916,0.0978,0.0887,0.0927,0.0901,0.0979,0.0886,0.0922
6076,0.0905,0.104,0.0905,0.095,0.0892,0.1041,0.0904,0.094566666666667
6086,0.0925,0.1064,0.0863,0.095066666666667,0.0912,0.1065,0.0861,0.0946
6088,0.0963,0.1094,0.0916,0.0991,0.0949,0.1096,0.0914,0.098633333333333
6090,0.1004,0.107,0.089,0.0988,0.0987,0.1072,0.0888,0.098233333333333
6092,0.108,0.1173,0.102,0.1091,0.1062,0.1176,0.1019,0.108566666666667
6102,0.1191,0.155,0.1098,0.127966666666667,0.1174,0.1554,0.1097,0.1275
6104,0.1274,0.1907,0.1236,0.147233333333333,0.1259,0.191,0.1235,0.1468
6106,0.1437,0.2542,0.1445,0.1808,0.1424,0.2544,0.1443,0.180366666666667
6121,0.1557,0.2393,0.159,0.184666666666667,0.1542,0.2396,0.1587,0.184166666666667
6123,0.186,0.3027,0.1926,0.2271,0.1845,0.3031,0.1922,0.2266
6133,0.2214,0.3329,0.2304,0.261566666666667,0.22,0.3333,0.23,0.2611
6135,0.2331,0.3424,0.2449,0.273466666666667,0.2318,0.3428,0.2444,0.273
6137,0.2683,0.3496,0.2777,0.298533333333333,0.2671,0.35,0.2772,0.2981
6139,0.3023,0.3731,0.3109,0.328766666666667,0.3014,0.3734,0.3104,0.3284
6147,0.3449,0.4465,0.3592,0.383533333333333,0.3441,0.4468,0.3586,0.383166666666667
