Atom,R1_419X_ES,R2_419X_ES,R3_419X_ES,AVG_419X_ES,R1_419X_CS,R2_419X_CS,R3_419X_CS,AVG_419X_CS
1,0.305,0.2298,0.2693,0.268033333333333,0.3047,0.2294,0.2676,0.267233333333333
5,0.2518,0.1869,0.2383,0.225666666666667,0.2515,0.1864,0.2364,0.224766666666667
15,0.2095,0.1667,0.2071,0.194433333333333,0.2092,0.1664,0.2056,0.193733333333333
17,0.1718,0.1555,0.1863,0.1712,0.1715,0.1552,0.1847,0.170466666666667
19,0.1449,0.1388,0.1603,0.148,0.1447,0.1386,0.1589,0.1474
35,0.1284,0.1269,0.1559,0.137066666666667,0.1282,0.1264,0.1546,0.1364
37,0.1239,0.1252,0.1475,0.1322,0.1238,0.1247,0.1464,0.131633333333333
39,0.116,0.1232,0.1477,0.128966666666667,0.116,0.1226,0.1466,0.1284
47,0.1039,0.1059,0.1299,0.113233333333333,0.1038,0.1052,0.1291,0.1127
49,0.1025,0.1067,0.1259,0.1117,0.1023,0.1059,0.1251,0.1111
51,0.0973,0.0986,0.1142,0.103366666666667,0.0971,0.0978,0.1138,0.1029
61,0.095,0.0907,0.109,0.098233333333333,0.0949,0.0899,0.1086,0.0978
63,0.0986,0.0968,0.1164,0.103933333333333,0.0986,0.096,0.1159,0.1035
65,0.1017,0.0967,0.1165,0.104966666666667,0.1017,0.096,0.116,0.104566666666667
72,0.0988,0.0887,0.1128,0.1001,0.0989,0.0881,0.1123,0.099766666666667
74,0.0988,0.0886,0.1166,0.101333333333333,0.0989,0.0881,0.1159,0.100966666666667
76,0.1024,0.0929,0.1181,0.104466666666667,0.1026,0.0924,0.1175,0.104166666666667
91,0.0955,0.0872,0.1084,0.097033333333333,0.0956,0.0867,0.1079,0.096733333333333
93,0.0891,0.0847,0.1019,0.0919,0.089,0.0841,0.1016,0.091566666666667
103,0.0884,0.088,0.0986,0.091666666666667,0.0884,0.0874,0.0985,0.091433333333333
105,0.0899,0.0894,0.0993,0.092866666666667,0.0898,0.0887,0.0992,0.092566666666667
107,0.0929,0.0938,0.0993,0.095333333333333,0.0928,0.093,0.099,0.094933333333333
109,0.1089,0.1099,0.1036,0.107466666666667,0.1088,0.1092,0.1035,0.107166666666667
119,0.1057,0.1107,0.1028,0.1064,0.1056,0.1101,0.1025,0.106066666666667
121,0.1046,0.1034,0.1034,0.1038,0.1045,0.1028,0.1029,0.1034
123,0.1109,0.1135,0.107,0.110466666666667,0.1108,0.1131,0.1063,0.110066666666667
130,0.1009,0.1106,0.0992,0.103566666666667,0.1007,0.1102,0.0986,0.103166666666667
132,0.0976,0.1029,0.0923,0.0976,0.0974,0.1024,0.0918,0.0972
134,0.0943,0.1033,0.0884,0.095333333333333,0.0941,0.1029,0.088,0.095
147,0.1022,0.1134,0.0937,0.1031,0.1019,0.1131,0.0932,0.102733333333333
149,0.1145,0.1237,0.0998,0.112666666666667,0.114,0.1233,0.0992,0.112166666666667
151,0.1242,0.1364,0.107,0.122533333333333,0.1236,0.136,0.1063,0.121966666666667
161,0.1178,0.1356,0.1003,0.1179,0.1173,0.1353,0.0997,0.117433333333333
163,0.1115,0.1293,0.0965,0.112433333333333,0.1111,0.129,0.0961,0.112066666666667
165,0.1086,0.1314,0.094,0.111333333333333,0.1082,0.1312,0.0937,0.111033333333333
182,0.1056,0.1292,0.0937,0.1095,0.1052,0.129,0.0934,0.1092
184,0.104,0.123,0.0941,0.107033333333333,0.1036,0.1228,0.0937,0.1067
186,0.1056,0.1243,0.0971,0.109,0.1052,0.1242,0.0966,0.108666666666667
201,0.1159,0.1369,0.1056,0.119466666666667,0.1155,0.1367,0.105,0.119066666666667
203,0.1281,0.144,0.1125,0.1282,0.1277,0.1438,0.1119,0.1278
205,0.1393,0.1558,0.1205,0.138533333333333,0.1389,0.1556,0.1199,0.138133333333333
208,0.149,0.1593,0.1261,0.1448,0.1487,0.1589,0.1254,0.144333333333333
210,0.1664,0.1735,0.1411,0.160333333333333,0.1659,0.1731,0.1404,0.1598
212,0.1911,0.1944,0.1619,0.182466666666667,0.1908,0.194,0.1613,0.182033333333333
218,0.1877,0.1939,0.1558,0.179133333333333,0.1873,0.1934,0.155,0.178566666666667
220,0.1787,0.1857,0.1412,0.168533333333333,0.1781,0.1853,0.1402,0.167866666666667
222,0.1849,0.1957,0.1462,0.1756,0.1843,0.1952,0.1451,0.174866666666667
230,0.1686,0.1776,0.134,0.160066666666667,0.168,0.1772,0.1328,0.159333333333333
232,0.1558,0.1677,0.1302,0.151233333333333,0.1551,0.1672,0.1289,0.1504
234,0.1422,0.152,0.1212,0.138466666666667,0.1415,0.1514,0.1198,0.137566666666667
247,0.1546,0.1563,0.1297,0.146866666666667,0.1539,0.1556,0.1282,0.1459
249,0.1473,0.1499,0.1262,0.141133333333333,0.1466,0.1491,0.1245,0.140066666666667
251,0.1544,0.1551,0.1322,0.147233333333333,0.1536,0.1542,0.1305,0.1461
262,0.1339,0.1461,0.1212,0.133733333333333,0.1333,0.1453,0.1196,0.132733333333333
264,0.1446,0.1553,0.1292,0.143033333333333,0.144,0.1544,0.1276,0.142
266,0.1342,0.1505,0.1256,0.136766666666667,0.1337,0.1498,0.1242,0.1359
277,0.1257,0.1519,0.1231,0.133566666666667,0.1251,0.1511,0.1217,0.132633333333333
279,0.1168,0.1436,0.1167,0.1257,0.1163,0.143,0.1155,0.124933333333333
281,0.1181,0.1503,0.1204,0.1296,0.1176,0.1496,0.1191,0.128766666666667
297,0.1287,0.1507,0.1344,0.137933333333333,0.1283,0.15,0.1333,0.1372
299,0.1409,0.1818,0.1466,0.156433333333333,0.1403,0.1807,0.1455,0.1555
301,0.1589,0.1928,0.1673,0.173,0.1585,0.1918,0.1662,0.172166666666667
314,0.1695,0.1822,0.1756,0.175766666666667,0.1692,0.1813,0.1744,0.174966666666667
316,0.1933,0.173,0.2013,0.1892,0.1932,0.1722,0.2002,0.188533333333333
318,0.2163,0.1657,0.2223,0.201433333333333,0.2162,0.165,0.2213,0.200833333333333
321,0.1453,0.1643,0.1646,0.158066666666667,0.1451,0.1635,0.1633,0.1573
323,0.1379,0.151,0.162,0.1503,0.1377,0.1501,0.1605,0.149433333333333
325,0.146,0.1648,0.1588,0.156533333333333,0.1458,0.1639,0.1576,0.155766666666667
345,0.1285,0.1583,0.143,0.143266666666667,0.1283,0.1575,0.1418,0.142533333333333
347,0.1176,0.1416,0.1268,0.128666666666667,0.1175,0.1408,0.1258,0.128033333333333
349,0.118,0.1414,0.1308,0.130066666666667,0.118,0.1407,0.1298,0.1295
359,0.1192,0.1394,0.1267,0.128433333333333,0.1192,0.1389,0.1264,0.128166666666667
361,0.1201,0.127,0.1282,0.1251,0.1201,0.1266,0.1278,0.124833333333333
363,0.1237,0.1254,0.1308,0.126633333333333,0.1239,0.1252,0.1309,0.126666666666667
378,0.1228,0.1279,0.1333,0.128,0.1231,0.1277,0.1335,0.1281
380,0.1207,0.124,0.1299,0.124866666666667,0.1209,0.1238,0.1301,0.124933333333333
382,0.1253,0.1279,0.1344,0.1292,0.1257,0.1277,0.1347,0.129366666666667
395,0.128,0.1316,0.1382,0.1326,0.1284,0.1315,0.1386,0.132833333333333
397,0.1352,0.1406,0.1472,0.141,0.1356,0.1405,0.1475,0.1412
399,0.1371,0.1448,0.1526,0.144833333333333,0.1376,0.1448,0.153,0.145133333333333
407,0.1297,0.1376,0.1473,0.1382,0.1302,0.1376,0.1477,0.1385
409,0.1336,0.142,0.1493,0.141633333333333,0.1341,0.142,0.1497,0.141933333333333
411,0.1321,0.1407,0.1467,0.139833333333333,0.1326,0.1407,0.1471,0.140133333333333
419,0.129,0.1397,0.1438,0.1375,0.1296,0.1398,0.1443,0.1379
421,0.1249,0.1358,0.14,0.133566666666667,0.1255,0.136,0.1405,0.134
423,0.1267,0.1398,0.1408,0.135766666666667,0.1273,0.1399,0.1414,0.1362
431,0.1266,0.1407,0.143,0.136766666666667,0.1272,0.1408,0.1437,0.137233333333333
433,0.124,0.1377,0.1433,0.135,0.1246,0.1378,0.144,0.135466666666667
435,0.1251,0.1401,0.1468,0.137333333333333,0.1257,0.1401,0.1475,0.137766666666667
442,0.1187,0.1299,0.1391,0.129233333333333,0.1192,0.1299,0.1397,0.1296
444,0.1248,0.1339,0.147,0.135233333333333,0.1253,0.1339,0.1477,0.135633333333333
446,0.1213,0.1271,0.1416,0.13,0.1217,0.1271,0.1421,0.1303
453,0.1182,0.1235,0.1375,0.1264,0.1185,0.1234,0.1376,0.1265
455,0.1106,0.117,0.131,0.119533333333333,0.1109,0.1169,0.131,0.1196
457,0.1106,0.1173,0.1334,0.120433333333333,0.1108,0.1171,0.1329,0.120266666666667
470,0.1025,0.1068,0.1247,0.111333333333333,0.1025,0.1066,0.1241,0.111066666666667
472,0.1042,0.1064,0.1277,0.112766666666667,0.1041,0.1062,0.1266,0.1123
474,0.0971,0.0989,0.12,0.105333333333333,0.0968,0.0987,0.1188,0.104766666666667
486,0.0943,0.0946,0.114,0.100966666666667,0.094,0.0945,0.1127,0.1004
488,0.0888,0.0887,0.1083,0.095266666666667,0.0884,0.0886,0.1072,0.094733333333333
490,0.0863,0.085,0.102,0.0911,0.086,0.0849,0.1009,0.0906
505,0.0812,0.082,0.0956,0.086266666666667,0.0808,0.0819,0.0944,0.0857
507,0.0826,0.0832,0.0939,0.086566666666667,0.082,0.0831,0.0927,0.085933333333333
517,0.0802,0.0824,0.0896,0.084066666666667,0.0795,0.0822,0.0883,0.083333333333333
519,0.0729,0.0769,0.0806,0.0768,0.0724,0.0769,0.0794,0.076233333333333
521,0.0759,0.0787,0.0781,0.077566666666667,0.0752,0.0787,0.0769,0.076933333333333
523,0.0746,0.0787,0.0724,0.075233333333333,0.0741,0.0788,0.0713,0.074733333333333
535,0.0753,0.0849,0.0745,0.078233333333333,0.0748,0.0849,0.0733,0.077666666666667
537,0.0813,0.0903,0.0748,0.082133333333333,0.0809,0.0905,0.0739,0.081766666666667
539,0.0903,0.1016,0.0856,0.0925,0.0899,0.1018,0.0847,0.092133333333333
554,0.0902,0.098,0.0845,0.0909,0.0896,0.098,0.0835,0.090366666666667
556,0.0989,0.1067,0.0921,0.099233333333333,0.0982,0.1066,0.0909,0.098566666666667
566,0.1062,0.1103,0.0978,0.104766666666667,0.1055,0.1102,0.0966,0.1041
568,0.096,0.1027,0.0955,0.098066666666667,0.0953,0.1028,0.0947,0.0976
570,0.1037,0.1108,0.1039,0.106133333333333,0.1029,0.1109,0.1031,0.105633333333333
572,0.1051,0.1139,0.1114,0.110133333333333,0.1044,0.1141,0.1109,0.1098
585,0.0966,0.1111,0.1055,0.1044,0.0959,0.1114,0.105,0.1041
587,0.0846,0.0984,0.0909,0.0913,0.084,0.0987,0.0905,0.091066666666667
589,0.0806,0.0945,0.0851,0.086733333333333,0.0801,0.0948,0.0848,0.086566666666667
601,0.0824,0.0987,0.0836,0.088233333333333,0.0821,0.0989,0.0832,0.088066666666667
603,0.0814,0.103,0.0859,0.0901,0.081,0.1032,0.0856,0.089933333333333
605,0.0885,0.1114,0.0928,0.097566666666667,0.0882,0.1114,0.0924,0.097333333333333
618,0.0857,0.1062,0.0867,0.092866666666667,0.0855,0.1062,0.0863,0.092666666666667
620,0.0786,0.0969,0.0853,0.086933333333333,0.0785,0.097,0.085,0.086833333333333
622,0.0776,0.0946,0.0827,0.084966666666667,0.0776,0.0947,0.0824,0.0849
635,0.075,0.0856,0.0772,0.079266666666667,0.075,0.0858,0.077,0.079266666666667
637,0.0768,0.0864,0.0755,0.079566666666667,0.0769,0.0865,0.0754,0.0796
639,0.0757,0.085,0.0729,0.077866666666667,0.0759,0.0851,0.0729,0.077966666666667
654,0.0753,0.0813,0.0731,0.076566666666667,0.0755,0.0815,0.0731,0.0767
656,0.07,0.0793,0.0654,0.071566666666667,0.0703,0.0795,0.0655,0.071766666666667
658,0.0682,0.0762,0.064,0.069466666666667,0.0686,0.0765,0.0642,0.069766666666667
673,0.0717,0.0756,0.0668,0.071366666666667,0.0722,0.0759,0.0671,0.071733333333333
675,0.0758,0.0796,0.0715,0.075633333333333,0.0762,0.0799,0.0719,0.076
677,0.0813,0.081,0.0735,0.0786,0.0817,0.0812,0.0739,0.078933333333333
692,0.0815,0.0759,0.0751,0.0775,0.0819,0.0761,0.0756,0.077866666666667
694,0.0877,0.0767,0.0782,0.080866666666667,0.0881,0.077,0.0788,0.0813
704,0.0917,0.0783,0.0837,0.084566666666667,0.0921,0.0786,0.0842,0.084966666666667
706,0.0939,0.0802,0.0863,0.0868,0.0942,0.0804,0.0868,0.087133333333333
708,0.0939,0.0814,0.0896,0.0883,0.0942,0.0816,0.09,0.0886
710,0.0975,0.0866,0.0951,0.093066666666667,0.0977,0.0868,0.0953,0.093266666666667
713,0.0929,0.0847,0.0909,0.0895,0.0931,0.0848,0.091,0.089633333333333
715,0.0866,0.0793,0.0847,0.083533333333333,0.0868,0.0793,0.0849,0.083666666666667
717,0.0817,0.0784,0.0798,0.079966666666667,0.0819,0.0784,0.0799,0.080066666666667
730,0.0776,0.0737,0.0731,0.0748,0.0778,0.0737,0.0732,0.0749
732,0.079,0.0769,0.076,0.0773,0.0791,0.0768,0.076,0.0773
734,0.0763,0.0758,0.0731,0.075066666666667,0.0764,0.0756,0.073,0.075
744,0.0699,0.0732,0.0678,0.0703,0.0701,0.0731,0.0677,0.0703
746,0.0681,0.074,0.0649,0.069,0.0682,0.0739,0.0647,0.068933333333333
748,0.063,0.0729,0.0629,0.066266666666667,0.0632,0.0728,0.0628,0.066266666666667
763,0.0604,0.0738,0.0599,0.0647,0.0605,0.0737,0.0597,0.064633333333333
765,0.0598,0.0748,0.0597,0.064766666666667,0.0599,0.0747,0.0595,0.0647
775,0.0587,0.0776,0.0609,0.065733333333333,0.0587,0.0775,0.0606,0.0656
777,0.0554,0.076,0.0602,0.063866666666667,0.0554,0.0758,0.0598,0.063666666666667
779,0.0567,0.0786,0.0619,0.065733333333333,0.0567,0.0785,0.0614,0.065533333333333
781,0.0557,0.0789,0.0631,0.0659,0.0556,0.0788,0.0625,0.065633333333333
796,0.0591,0.0841,0.0679,0.070366666666667,0.059,0.0839,0.0672,0.070033333333333
798,0.0615,0.0866,0.0725,0.073533333333333,0.0613,0.0864,0.0719,0.0732
800,0.0682,0.093,0.0805,0.080566666666667,0.068,0.0927,0.0799,0.0802
813,0.0716,0.0927,0.0854,0.083233333333333,0.0713,0.0925,0.0847,0.082833333333333
815,0.0785,0.0947,0.0882,0.087133333333333,0.078,0.0945,0.0872,0.086566666666667
817,0.0853,0.0959,0.0929,0.091366666666667,0.0846,0.0958,0.0917,0.0907
832,0.0952,0.1045,0.1003,0.1,0.0945,0.1042,0.0991,0.099266666666667
834,0.1035,0.11,0.1058,0.106433333333333,0.1027,0.1099,0.1046,0.105733333333333
836,0.1157,0.1202,0.1139,0.1166,0.1149,0.12,0.1126,0.115833333333333
852,0.1212,0.1221,0.1177,0.120333333333333,0.1204,0.1219,0.1163,0.119533333333333
854,0.1197,0.1179,0.1161,0.1179,0.1189,0.1177,0.1147,0.1171
856,0.1278,0.1217,0.121,0.1235,0.127,0.1215,0.1195,0.122666666666667
869,0.1281,0.1195,0.1203,0.122633333333333,0.1273,0.1192,0.1186,0.1217
871,0.1406,0.1264,0.1294,0.132133333333333,0.1397,0.1259,0.1275,0.131033333333333
881,0.1445,0.1287,0.1317,0.134966666666667,0.1436,0.1282,0.1297,0.133833333333333
883,0.1398,0.1254,0.1271,0.130766666666667,0.1388,0.1248,0.125,0.129533333333333
885,0.1405,0.125,0.1276,0.131033333333333,0.1395,0.1244,0.1256,0.129833333333333
887,0.1407,0.1242,0.1265,0.130466666666667,0.1396,0.1235,0.1246,0.129233333333333
900,0.1307,0.1148,0.1171,0.120866666666667,0.1296,0.1142,0.1153,0.1197
902,0.1246,0.1103,0.1134,0.1161,0.1236,0.1098,0.1117,0.115033333333333
904,0.1172,0.1039,0.1066,0.109233333333333,0.1162,0.1035,0.105,0.108233333333333
915,0.1096,0.1031,0.1025,0.105066666666667,0.1086,0.1027,0.1006,0.103966666666667
917,0.1105,0.1066,0.1054,0.1075,0.1095,0.1062,0.1034,0.106366666666667
919,0.1087,0.109,0.1056,0.107766666666667,0.1076,0.1086,0.1035,0.106566666666667
931,0.1123,0.1127,0.109,0.111333333333333,0.1111,0.1121,0.1068,0.11
933,0.1192,0.1161,0.1151,0.1168,0.1178,0.1154,0.1127,0.1153
935,0.1242,0.1208,0.1199,0.121633333333333,0.1227,0.1199,0.1173,0.119966666666667
942,0.1215,0.1171,0.1138,0.117466666666667,0.1199,0.1162,0.1114,0.115833333333333
944,0.1192,0.1128,0.1095,0.113833333333333,0.1177,0.112,0.1072,0.1123
946,0.1191,0.1116,0.1054,0.112033333333333,0.1177,0.1108,0.1033,0.1106
959,0.1118,0.1072,0.0978,0.1056,0.1104,0.1066,0.0957,0.104233333333333
961,0.1044,0.1024,0.0935,0.1001,0.103,0.102,0.0914,0.0988
963,0.0994,0.1015,0.0892,0.0967,0.0981,0.1013,0.0872,0.095533333333333
975,0.1023,0.1076,0.0935,0.101133333333333,0.1009,0.1072,0.0914,0.099833333333333
977,0.1063,0.1114,0.1006,0.1061,0.1048,0.1107,0.0983,0.1046
979,0.1142,0.1206,0.1081,0.1143,0.1126,0.1197,0.1058,0.1127
999,0.1222,0.1236,0.1105,0.118766666666667,0.1205,0.1225,0.1083,0.1171
1001,0.1231,0.1227,0.1084,0.118066666666667,0.1213,0.1215,0.1062,0.116333333333333
1003,0.1323,0.1319,0.1117,0.1253,0.1306,0.1305,0.1097,0.1236
1013,0.1314,0.1328,0.1066,0.1236,0.1297,0.1316,0.1048,0.122033333333333
1015,0.1215,0.1283,0.0994,0.1164,0.1199,0.1275,0.0976,0.115
1017,0.1216,0.1407,0.0968,0.1197,0.1202,0.1402,0.0954,0.1186
1032,0.1196,0.141,0.0954,0.118666666666667,0.1182,0.1406,0.0942,0.117666666666667
1034,0.1178,0.1362,0.0952,0.1164,0.1164,0.1358,0.0939,0.115366666666667
1036,0.124,0.1437,0.1001,0.1226,0.1227,0.1435,0.0989,0.1217
1051,0.1374,0.1483,0.1133,0.133,0.136,0.148,0.1121,0.132033333333333
1053,0.1386,0.1413,0.1179,0.1326,0.1371,0.1408,0.1164,0.131433333333333
1055,0.1522,0.1505,0.1327,0.145133333333333,0.1507,0.15,0.1313,0.144
1068,0.1485,0.1454,0.1304,0.141433333333333,0.1469,0.145,0.1291,0.140333333333333
1070,0.1374,0.1372,0.1268,0.1338,0.136,0.1368,0.1255,0.132766666666667
1072,0.1355,0.1387,0.1265,0.133566666666667,0.1342,0.1382,0.1255,0.132633333333333
1090,0.1198,0.1281,0.1203,0.122733333333333,0.1189,0.1275,0.1193,0.1219
1092,0.1129,0.1323,0.1168,0.120666666666667,0.1121,0.132,0.1157,0.119933333333333
1094,0.1135,0.145,0.1176,0.125366666666667,0.1131,0.1448,0.1166,0.124833333333333
1102,0.0993,0.1227,0.104,0.108666666666667,0.099,0.1223,0.1031,0.108133333333333
1104,0.0906,0.1057,0.0925,0.096266666666667,0.0901,0.1054,0.0914,0.095633333333333
1106,0.0841,0.0903,0.087,0.087133333333333,0.0837,0.09,0.0858,0.0865
1126,0.0821,0.0842,0.0879,0.084733333333333,0.0818,0.084,0.0864,0.084066666666667
1128,0.0887,0.089,0.0949,0.090866666666667,0.0883,0.089,0.0939,0.0904
1130,0.0874,0.0852,0.0936,0.088733333333333,0.0872,0.0854,0.0927,0.088433333333333
1140,0.0805,0.0817,0.0864,0.082866666666667,0.0803,0.0818,0.0855,0.082533333333333
1142,0.0839,0.0775,0.0904,0.083933333333333,0.0838,0.0777,0.0897,0.083733333333333
1144,0.0779,0.0749,0.0844,0.079066666666667,0.0777,0.075,0.0837,0.0788
1160,0.0718,0.067,0.0701,0.069633333333333,0.0719,0.0672,0.0697,0.0696
1162,0.0716,0.0675,0.0688,0.0693,0.0717,0.0676,0.0683,0.0692
1164,0.0736,0.0647,0.0669,0.0684,0.0738,0.0649,0.0667,0.068466666666667
1170,0.0687,0.0637,0.0633,0.065233333333333,0.0688,0.0638,0.063,0.0652
1172,0.0642,0.0622,0.0626,0.063,0.0645,0.0625,0.0625,0.063166666666667
1174,0.0609,0.0637,0.062,0.0622,0.0612,0.0639,0.0618,0.0623
1186,0.0641,0.067,0.0636,0.0649,0.0644,0.0673,0.0635,0.065066666666667
1188,0.0684,0.072,0.0677,0.069366666666667,0.0685,0.0722,0.0676,0.069433333333333
1190,0.0724,0.0764,0.0707,0.073166666666667,0.0725,0.0765,0.0706,0.0732
1205,0.075,0.0819,0.0754,0.077433333333333,0.0751,0.0819,0.0754,0.077466666666667
1207,0.0784,0.085,0.0793,0.0809,0.0784,0.085,0.0796,0.081
1209,0.0841,0.0933,0.091,0.089466666666667,0.0841,0.0933,0.0913,0.089566666666667
1215,0.0908,0.1019,0.1015,0.098066666666667,0.0907,0.1018,0.1015,0.098
1217,0.0923,0.1063,0.11,0.102866666666667,0.0921,0.1062,0.1099,0.102733333333333
1219,0.1024,0.1153,0.1229,0.113533333333333,0.1021,0.1151,0.1224,0.1132
1236,0.1157,0.1279,0.1404,0.128,0.1154,0.1276,0.1399,0.127633333333333
1238,0.1289,0.1346,0.148,0.137166666666667,0.1286,0.1343,0.1473,0.136733333333333
1240,0.1488,0.1506,0.1682,0.155866666666667,0.1486,0.1502,0.1675,0.155433333333333
1247,0.1575,0.1602,0.1838,0.167166666666667,0.1572,0.1598,0.1828,0.1666
1249,0.1512,0.1557,0.1797,0.1622,0.1507,0.1554,0.1786,0.161566666666667
1251,0.1601,0.1649,0.1952,0.1734,0.1596,0.1646,0.194,0.172733333333333
1261,0.1495,0.1568,0.1869,0.1644,0.1488,0.1565,0.1858,0.1637
1263,0.1538,0.1604,0.1919,0.1687,0.1532,0.1602,0.1909,0.1681
1265,0.1526,0.1582,0.19,0.166933333333333,0.1519,0.1581,0.1891,0.166366666666667
1277,0.1609,0.1667,0.2022,0.1766,0.16,0.1665,0.2013,0.175933333333333
1279,0.1729,0.1797,0.218,0.1902,0.172,0.1795,0.217,0.1895
1281,0.1851,0.1911,0.2335,0.203233333333333,0.1841,0.1909,0.2325,0.2025
1294,0.1811,0.1875,0.2293,0.1993,0.18,0.1872,0.2282,0.198466666666667
1296,0.1745,0.1817,0.2209,0.192366666666667,0.1735,0.1814,0.2196,0.1915
1298,0.1767,0.1809,0.2208,0.1928,0.1757,0.1805,0.2194,0.191866666666667
1309,0.1645,0.1649,0.2046,0.178,0.1635,0.1646,0.2033,0.177133333333333
1311,0.1508,0.1534,0.1899,0.1647,0.1498,0.1532,0.1887,0.1639
1313,0.1428,0.1411,0.1754,0.1531,0.1419,0.1409,0.1744,0.1524
1333,0.1393,0.1362,0.167,0.1475,0.1385,0.136,0.1659,0.1468
1335,0.1381,0.1391,0.1659,0.1477,0.1374,0.139,0.1647,0.147033333333333
1337,0.1412,0.1386,0.1628,0.147533333333333,0.1406,0.1384,0.1616,0.146866666666667
1348,0.1249,0.1272,0.1418,0.1313,0.1244,0.127,0.1408,0.130733333333333
1350,0.118,0.1204,0.1304,0.122933333333333,0.1176,0.1202,0.1295,0.122433333333333
1352,0.1083,0.1124,0.115,0.1119,0.108,0.1122,0.1145,0.111566666666667
1358,0.1102,0.1129,0.1128,0.111966666666667,0.1099,0.1128,0.1125,0.111733333333333
1360,0.1097,0.1114,0.1075,0.109533333333333,0.1095,0.1113,0.1074,0.1094
1362,0.113,0.1125,0.1071,0.110866666666667,0.113,0.1123,0.1073,0.110866666666667
1375,0.1063,0.1031,0.0995,0.102966666666667,0.1063,0.1031,0.0999,0.1031
1377,0.1003,0.0976,0.0948,0.097566666666667,0.1003,0.0976,0.0951,0.097666666666667
1379,0.095,0.0897,0.09,0.091566666666667,0.0952,0.0898,0.0904,0.0918
1395,0.0867,0.0822,0.0817,0.083533333333333,0.0869,0.0823,0.082,0.083733333333333
1397,0.0848,0.0771,0.0803,0.080733333333333,0.0852,0.0774,0.0807,0.0811
1399,0.0792,0.0709,0.0744,0.074833333333333,0.0797,0.0713,0.0747,0.075233333333333
1402,0.0773,0.0658,0.0723,0.0718,0.0778,0.0662,0.0727,0.072233333333333
1404,0.0735,0.0619,0.0682,0.067866666666667,0.0741,0.0624,0.0685,0.068333333333333
1406,0.073,0.06,0.0677,0.0669,0.0736,0.0605,0.068,0.067366666666667
1416,0.0712,0.0588,0.067,0.065666666666667,0.0718,0.0593,0.0672,0.0661
1418,0.0746,0.0604,0.0724,0.069133333333333,0.0752,0.0609,0.0725,0.069533333333333
1420,0.0756,0.0608,0.075,0.070466666666667,0.0761,0.0612,0.0749,0.070733333333333
1430,0.076,0.0612,0.073,0.070066666666667,0.0765,0.0615,0.073,0.070333333333333
1432,0.0803,0.0621,0.0743,0.072233333333333,0.0806,0.0623,0.0742,0.072366666666667
1434,0.0808,0.0656,0.0739,0.073433333333333,0.081,0.0657,0.0737,0.073466666666667
1440,0.083,0.0674,0.0774,0.075933333333333,0.0831,0.0674,0.077,0.075833333333333
1442,0.0755,0.0699,0.0697,0.0717,0.0756,0.0698,0.0692,0.071533333333333
1444,0.078,0.0738,0.0737,0.075166666666667,0.0781,0.0736,0.0729,0.074866666666667
1455,0.0761,0.0765,0.0722,0.074933333333333,0.076,0.0762,0.0713,0.0745
1457,0.0772,0.079,0.074,0.076733333333333,0.077,0.0786,0.0728,0.076133333333333
1459,0.0772,0.084,0.0747,0.078633333333333,0.0769,0.0836,0.0734,0.077966666666667
1474,0.0835,0.0929,0.0804,0.0856,0.0832,0.0924,0.0792,0.084933333333333
1476,0.0865,0.0947,0.0825,0.0879,0.0863,0.0944,0.0814,0.087366666666667
1478,0.095,0.1026,0.0902,0.095933333333333,0.0948,0.1022,0.0892,0.0954
1495,0.0953,0.1062,0.0926,0.098033333333333,0.095,0.1058,0.0915,0.097433333333333
1497,0.0893,0.1031,0.0884,0.0936,0.089,0.1027,0.0871,0.092933333333333
1499,0.0921,0.1071,0.0922,0.097133333333333,0.0916,0.1066,0.0909,0.096366666666667
1505,0.0875,0.1043,0.0891,0.093633333333333,0.087,0.1038,0.0875,0.092766666666667
1507,0.0923,0.1104,0.0949,0.0992,0.0917,0.1098,0.0932,0.098233333333333
1509,0.0916,0.1102,0.0953,0.099033333333333,0.0909,0.1097,0.0934,0.098
1526,0.0991,0.1164,0.1014,0.105633333333333,0.0984,0.1159,0.0995,0.1046
1528,0.1007,0.1164,0.1019,0.106333333333333,0.0998,0.116,0.1,0.105266666666667
1530,0.108,0.1251,0.1063,0.113133333333333,0.1072,0.1246,0.1045,0.1121
1550,0.1095,0.125,0.1063,0.1136,0.1086,0.1247,0.1044,0.112566666666667
1552,0.124,0.1392,0.117,0.126733333333333,0.1231,0.139,0.115,0.1257
1554,0.13,0.142,0.1196,0.130533333333333,0.1292,0.1418,0.1176,0.129533333333333
1565,0.1434,0.1503,0.124,0.139233333333333,0.1426,0.1501,0.1221,0.138266666666667
1567,0.151,0.1528,0.1242,0.142666666666667,0.1503,0.1526,0.1225,0.1418
1569,0.1683,0.1628,0.1315,0.1542,0.1677,0.1626,0.1301,0.153466666666667
1580,0.2019,0.1809,0.1455,0.1761,0.2017,0.1807,0.1442,0.175533333333333
1582,0.2381,0.2042,0.1688,0.2037,0.2381,0.204,0.1677,0.203266666666667
1584,0.2937,0.2366,0.2042,0.244833333333333,0.294,0.2364,0.2034,0.2446
1597,0.2947,0.2502,0.2155,0.253466666666667,0.2951,0.2499,0.2148,0.253266666666667
1599,0.2757,0.2782,0.2326,0.262166666666667,0.276,0.2782,0.2321,0.2621
1601,0.2911,0.2969,0.2523,0.2801,0.2915,0.2969,0.2519,0.2801
1609,0.3149,0.2946,0.2516,0.287033333333333,0.3154,0.2947,0.2513,0.287133333333333
1611,0.3395,0.3077,0.2651,0.3041,0.34,0.3078,0.2648,0.3042
1613,0.3752,0.3153,0.2731,0.3212,0.3758,0.3154,0.2728,0.321333333333333
1629,0.3301,0.3047,0.2628,0.2992,0.3306,0.3049,0.2624,0.2993
1631,0.3042,0.2928,0.2517,0.2829,0.3045,0.2929,0.251,0.2828
1633,0.2861,0.2879,0.2503,0.274766666666667,0.2861,0.2881,0.2495,0.274566666666667
1636,0.2443,0.2554,0.221,0.240233333333333,0.2443,0.2556,0.2202,0.240033333333333
1638,0.2337,0.2457,0.2093,0.229566666666667,0.2341,0.2458,0.2085,0.229466666666667
1640,0.2139,0.2208,0.1938,0.2095,0.2143,0.221,0.1929,0.2094
1655,0.189,0.1978,0.1719,0.186233333333333,0.1891,0.1978,0.1708,0.1859
1657,0.1777,0.1782,0.1609,0.172266666666667,0.1771,0.1781,0.1594,0.171533333333333
1659,0.1771,0.1679,0.151,0.165333333333333,0.1762,0.1676,0.1493,0.164366666666667
1670,0.1525,0.1485,0.1371,0.146033333333333,0.1516,0.1483,0.1355,0.145133333333333
1672,0.1429,0.1433,0.1281,0.1381,0.1421,0.1431,0.1266,0.137266666666667
1674,0.1255,0.13,0.1177,0.1244,0.1248,0.1298,0.1163,0.123633333333333
1689,0.119,0.1257,0.1121,0.118933333333333,0.1183,0.1255,0.1105,0.1181
1691,0.1039,0.1136,0.1029,0.1068,0.1031,0.1133,0.1013,0.1059
1693,0.0962,0.1089,0.0969,0.100666666666667,0.0954,0.1086,0.0952,0.099733333333333
1705,0.0879,0.1029,0.0902,0.093666666666667,0.0871,0.1026,0.0887,0.0928
1707,0.0865,0.1029,0.0881,0.0925,0.0858,0.1025,0.0867,0.091666666666667
1709,0.082,0.0998,0.0835,0.088433333333333,0.0814,0.0995,0.0823,0.087733333333333
1727,0.081,0.0979,0.0832,0.087366666666667,0.0804,0.0975,0.0819,0.0866
1729,0.0738,0.0922,0.0777,0.081233333333333,0.0733,0.0919,0.0765,0.080566666666667
1731,0.0711,0.0901,0.0773,0.0795,0.0706,0.0897,0.0759,0.078733333333333
1743,0.0683,0.0864,0.0718,0.0755,0.068,0.0861,0.0707,0.074933333333333
1745,0.071,0.0874,0.0726,0.077,0.0707,0.087,0.0715,0.0764
1747,0.0713,0.0853,0.0702,0.0756,0.0711,0.085,0.0693,0.075133333333333
1765,0.0712,0.0834,0.0684,0.074333333333333,0.0711,0.0831,0.0675,0.0739
1767,0.0712,0.0812,0.0659,0.072766666666667,0.0711,0.0809,0.0652,0.0724
1769,0.071,0.0792,0.0649,0.0717,0.071,0.079,0.0642,0.0714
1775,0.0718,0.0768,0.0655,0.071366666666667,0.0719,0.0766,0.065,0.071166666666667
1777,0.0752,0.0777,0.0681,0.073666666666667,0.0753,0.0776,0.0676,0.0735
1779,0.0781,0.0774,0.0705,0.075333333333333,0.0783,0.0774,0.0702,0.0753
1794,0.0764,0.0725,0.0686,0.0725,0.0767,0.0725,0.0685,0.072566666666667
1796,0.0768,0.0707,0.0687,0.072066666666667,0.0772,0.0708,0.0688,0.072266666666667
1798,0.0769,0.0686,0.069,0.0715,0.0773,0.0687,0.0692,0.071733333333333
1801,0.0816,0.0715,0.0747,0.075933333333333,0.0821,0.0716,0.0749,0.0762
1803,0.0839,0.0734,0.0795,0.078933333333333,0.0844,0.0737,0.0796,0.079233333333333
1805,0.09,0.0776,0.0869,0.084833333333333,0.0904,0.0778,0.087,0.085066666666667
1825,0.093,0.0785,0.0884,0.086633333333333,0.0935,0.0788,0.0886,0.086966666666667
1827,0.0894,0.0727,0.0853,0.082466666666667,0.0899,0.0731,0.0856,0.082866666666667
1829,0.0923,0.074,0.0876,0.084633333333333,0.0928,0.0744,0.088,0.085066666666667
1842,0.0873,0.0705,0.0856,0.081133333333333,0.0879,0.0709,0.086,0.0816
1844,0.0909,0.0719,0.089,0.083933333333333,0.0915,0.0724,0.0895,0.084466666666667
1846,0.0895,0.0715,0.0885,0.083166666666667,0.0901,0.072,0.0891,0.083733333333333
1866,0.0897,0.0766,0.0908,0.0857,0.0903,0.0771,0.0914,0.086266666666667
1868,0.0887,0.0764,0.0889,0.084666666666667,0.0893,0.0767,0.0895,0.085166666666667
1870,0.0914,0.0813,0.0925,0.0884,0.092,0.0817,0.0931,0.088933333333333
1886,0.0939,0.0843,0.0937,0.090633333333333,0.0944,0.0846,0.0943,0.0911
1888,0.099,0.0917,0.1007,0.097133333333333,0.0995,0.0919,0.1014,0.0976
1890,0.1015,0.0965,0.1022,0.100066666666667,0.1018,0.0966,0.1028,0.1004
1908,0.0991,0.0975,0.1021,0.099566666666667,0.0995,0.0976,0.1027,0.099933333333333
1910,0.1007,0.1012,0.1033,0.101733333333333,0.1009,0.1012,0.1037,0.101933333333333
1912,0.1004,0.1033,0.1049,0.102866666666667,0.1005,0.1033,0.105,0.102933333333333
1924,0.1086,0.111,0.1118,0.110466666666667,0.1087,0.1109,0.1119,0.1105
1926,0.1091,0.1145,0.116,0.1132,0.1092,0.1144,0.1161,0.113233333333333
1928,0.1167,0.123,0.1238,0.121166666666667,0.1167,0.1228,0.1238,0.1211
1943,0.1182,0.1271,0.1265,0.123933333333333,0.118,0.1269,0.1263,0.123733333333333
1945,0.111,0.1213,0.1227,0.118333333333333,0.1108,0.121,0.1222,0.118
1947,0.1132,0.1252,0.1261,0.1215,0.1128,0.1248,0.1254,0.121
1958,0.1053,0.1169,0.1179,0.113366666666667,0.1048,0.1166,0.1171,0.112833333333333
1960,0.1086,0.1196,0.1186,0.1156,0.108,0.1193,0.1177,0.115
1962,0.1064,0.1153,0.1126,0.111433333333333,0.1059,0.115,0.1117,0.110866666666667
1977,0.1209,0.121,0.1168,0.119566666666667,0.1202,0.1206,0.1159,0.1189
1979,0.1215,0.1182,0.1144,0.118033333333333,0.1207,0.1178,0.1135,0.117333333333333
1981,0.1437,0.126,0.1215,0.1304,0.1427,0.1256,0.1208,0.1297
2001,0.1448,0.1223,0.1191,0.128733333333333,0.1439,0.122,0.1184,0.1281
2003,0.1696,0.1332,0.1304,0.1444,0.1686,0.1329,0.1303,0.143933333333333
2005,0.1783,0.1388,0.1353,0.1508,0.1773,0.1386,0.1354,0.150433333333333
2015,0.1965,0.1519,0.1506,0.166333333333333,0.1955,0.1516,0.151,0.166033333333333
2017,0.1981,0.1581,0.1528,0.169666666666667,0.197,0.1579,0.1533,0.1694
2019,0.2213,0.1795,0.1742,0.191666666666667,0.2202,0.1793,0.1749,0.191466666666667
2032,0.2423,0.1952,0.191,0.2095,0.2412,0.195,0.1918,0.209333333333333
2034,0.268,0.221,0.2164,0.235133333333333,0.2669,0.2208,0.2173,0.235
2036,0.2926,0.2446,0.2383,0.2585,0.2915,0.2444,0.2393,0.2584
2043,0.2931,0.2457,0.2359,0.258233333333333,0.2921,0.2455,0.2369,0.258166666666667
2045,0.278,0.2339,0.2226,0.244833333333333,0.277,0.2338,0.2235,0.244766666666667
2047,0.2804,0.2371,0.2221,0.246533333333333,0.2795,0.2371,0.2229,0.2465
2055,0.2665,0.2213,0.2058,0.2312,0.2657,0.2214,0.2065,0.2312
2057,0.253,0.2057,0.1932,0.2173,0.2523,0.2057,0.1939,0.2173
2059,0.246,0.1991,0.1862,0.210433333333333,0.2454,0.1992,0.1867,0.210433333333333
2062,0.2194,0.1752,0.1627,0.185766666666667,0.2188,0.1753,0.163,0.1857
2064,0.2056,0.1634,0.1511,0.173366666666667,0.2049,0.1635,0.1513,0.173233333333333
2066,0.1819,0.1475,0.1343,0.154566666666667,0.1813,0.1477,0.1342,0.1544
2081,0.1564,0.1293,0.12,0.135233333333333,0.1557,0.1294,0.1198,0.134966666666667
2083,0.1381,0.1192,0.1119,0.123066666666667,0.1376,0.1192,0.1112,0.122666666666667
2085,0.1184,0.1093,0.105,0.1109,0.1179,0.1092,0.1041,0.1104
2098,0.1009,0.0984,0.0989,0.0994,0.1002,0.0982,0.0978,0.098733333333333
2100,0.0977,0.1004,0.1024,0.100166666666667,0.097,0.1002,0.1012,0.099466666666667
2102,0.0923,0.0967,0.1017,0.0969,0.0915,0.0965,0.1004,0.096133333333333
2115,0.0897,0.0967,0.1027,0.096366666666667,0.0891,0.0964,0.1016,0.0957
2117,0.0862,0.092,0.101,0.093066666666667,0.0857,0.0918,0.0999,0.092466666666667
2119,0.088,0.0935,0.1046,0.095366666666667,0.0876,0.0933,0.1037,0.094866666666667
2125,0.0897,0.094,0.109,0.097566666666667,0.0894,0.0938,0.1082,0.097133333333333
2127,0.0934,0.1013,0.1145,0.103066666666667,0.0931,0.1011,0.1136,0.1026
2129,0.096,0.1044,0.1178,0.106066666666667,0.0958,0.1042,0.1172,0.105733333333333
2147,0.0971,0.104,0.1149,0.105333333333333,0.0971,0.104,0.1148,0.1053
2149,0.1017,0.1052,0.1161,0.107666666666667,0.1018,0.1051,0.1163,0.107733333333333
2151,0.1061,0.1041,0.114,0.108066666666667,0.1063,0.1042,0.1148,0.108433333333333
2163,0.1045,0.1073,0.1151,0.108966666666667,0.1049,0.1074,0.1156,0.1093
2165,0.1045,0.1051,0.1129,0.1075,0.1049,0.1052,0.1134,0.107833333333333
2167,0.1062,0.1084,0.1151,0.1099,0.1067,0.1085,0.1156,0.110266666666667
2180,0.1028,0.1018,0.1116,0.1054,0.1034,0.102,0.1122,0.105866666666667
2182,0.1039,0.1031,0.1138,0.106933333333333,0.1045,0.1033,0.1143,0.107366666666667
2184,0.103,0.0998,0.1127,0.105166666666667,0.1037,0.1,0.1132,0.105633333333333
2199,0.1082,0.1033,0.1147,0.108733333333333,0.1088,0.1036,0.1152,0.1092
2201,0.1069,0.0999,0.1117,0.106166666666667,0.1075,0.1003,0.1123,0.1067
2203,0.1114,0.1028,0.1148,0.109666666666667,0.112,0.1032,0.1154,0.1102
2218,0.115,0.107,0.1197,0.1139,0.1156,0.1074,0.1204,0.114466666666667
2220,0.1215,0.1179,0.1265,0.121966666666667,0.122,0.1184,0.1271,0.1225
2230,0.1242,0.1225,0.129,0.125233333333333,0.1247,0.123,0.1297,0.1258
2232,0.1192,0.1051,0.1257,0.116666666666667,0.1195,0.1055,0.1268,0.117266666666667
2234,0.1195,0.1068,0.1303,0.118866666666667,0.1198,0.1072,0.1313,0.119433333333333
2236,0.1201,0.0972,0.1395,0.118933333333333,0.1204,0.0976,0.1407,0.119566666666667
2247,0.1318,0.1052,0.1625,0.133166666666667,0.1321,0.1055,0.1641,0.1339
2249,0.1353,0.1208,0.195,0.150366666666667,0.1357,0.1211,0.1964,0.151066666666667
2251,0.1518,0.1369,0.2267,0.1718,0.1523,0.1372,0.2283,0.1726
2258,0.1491,0.1313,0.2024,0.160933333333333,0.1497,0.1317,0.2036,0.161666666666667
2260,0.1587,0.1416,0.2128,0.171033333333333,0.1594,0.1418,0.2139,0.1717
2262,0.1751,0.1541,0.23,0.1864,0.1759,0.1544,0.2306,0.186966666666667
2274,0.1768,0.151,0.2196,0.182466666666667,0.1777,0.1514,0.2203,0.183133333333333
2276,0.1802,0.1473,0.2268,0.184766666666667,0.1811,0.1477,0.2272,0.185333333333333
2278,0.1929,0.1498,0.226,0.189566666666667,0.1938,0.1504,0.2265,0.190233333333333
2293,0.196,0.1465,0.2286,0.190366666666667,0.1971,0.1471,0.2289,0.191033333333333
2295,0.2075,0.1512,0.2346,0.197766666666667,0.2086,0.152,0.2348,0.198466666666667
2305,0.2161,0.1515,0.2407,0.202766666666667,0.2174,0.1523,0.2407,0.203466666666667
2307,0.2097,0.1427,0.2334,0.195266666666667,0.2111,0.1435,0.2333,0.195966666666667
2309,0.2136,0.1462,0.2359,0.198566666666667,0.2151,0.147,0.2357,0.199266666666667
2311,0.218,0.1507,0.2356,0.201433333333333,0.2195,0.1516,0.2353,0.202133333333333
2318,0.2066,0.1485,0.2322,0.195766666666667,0.2082,0.1495,0.2318,0.1965
2320,0.2205,0.1574,0.2364,0.204766666666667,0.222,0.1584,0.236,0.205466666666667
2322,0.2244,0.1644,0.2412,0.21,0.2258,0.1655,0.2408,0.2107
2332,0.1964,0.1636,0.2382,0.1994,0.198,0.1649,0.2376,0.200166666666667
2334,0.174,0.1608,0.2292,0.188,0.1757,0.1622,0.2285,0.1888
2336,0.1598,0.1644,0.2316,0.185266666666667,0.1615,0.1659,0.2307,0.186033333333333
2349,0.165,0.1643,0.2405,0.189933333333333,0.1667,0.1658,0.2394,0.190633333333333
2351,0.1754,0.1657,0.2446,0.195233333333333,0.1772,0.1671,0.2437,0.196
2353,0.1915,0.1718,0.2653,0.209533333333333,0.1933,0.1731,0.2644,0.210266666666667
2360,0.2006,0.171,0.2901,0.220566666666667,0.2023,0.1722,0.2892,0.221233333333333
2362,0.2004,0.1733,0.2975,0.223733333333333,0.2019,0.1743,0.2967,0.2243
2364,0.2199,0.1859,0.3311,0.245633333333333,0.2213,0.1866,0.3303,0.246066666666667
2370,0.2184,0.1876,0.3337,0.246566666666667,0.2195,0.1884,0.3327,0.246866666666667
2372,0.1991,0.1807,0.3092,0.229666666666667,0.2002,0.1816,0.308,0.229933333333333
2374,0.2077,0.1898,0.3187,0.238733333333333,0.2084,0.1908,0.3173,0.238833333333333
2386,0.2088,0.1931,0.3011,0.234333333333333,0.2095,0.1938,0.2994,0.234233333333333
2388,0.1999,0.1916,0.2796,0.2237,0.2008,0.1922,0.2778,0.2236
2390,0.2151,0.2106,0.2704,0.232033333333333,0.2159,0.2109,0.2683,0.2317
2403,0.2507,0.217,0.2953,0.254333333333333,0.2515,0.2171,0.2932,0.253933333333333
2405,0.2905,0.2482,0.3059,0.281533333333333,0.2911,0.248,0.3038,0.280966666666667
2407,0.3418,0.2755,0.3451,0.3208,0.3424,0.2752,0.3432,0.320266666666667
2422,0.3487,0.2637,0.337,0.316466666666667,0.3494,0.2634,0.3349,0.3159
2424,0.3978,0.292,0.379,0.356266666666667,0.3987,0.2917,0.3771,0.355833333333333
2426,0.4299,0.3011,0.3887,0.373233333333333,0.4309,0.3007,0.3867,0.372766666666667
2437,0.4522,0.3108,0.3819,0.381633333333333,0.4528,0.3103,0.3799,0.381
2439,0.481,0.3343,0.3978,0.404366666666667,0.4814,0.3337,0.396,0.4037
2441,0.5155,0.3523,0.4054,0.4244,0.5157,0.3515,0.4036,0.4236
2448,0.4677,0.3217,0.3657,0.385033333333333,0.4677,0.3209,0.3638,0.384133333333333
2450,0.4071,0.2888,0.3318,0.342566666666667,0.4071,0.2881,0.3298,0.341666666666667
2452,0.3696,0.2685,0.3075,0.3152,0.3694,0.2678,0.3055,0.314233333333333
2467,0.3257,0.2389,0.294,0.2862,0.3259,0.2383,0.2919,0.285366666666667
2469,0.3169,0.2249,0.2988,0.2802,0.3175,0.2244,0.2964,0.279433333333333
2471,0.3155,0.2136,0.3112,0.2801,0.3164,0.2133,0.3088,0.2795
2481,0.3574,0.2352,0.325,0.305866666666667,0.3582,0.2348,0.3227,0.305233333333333
2483,0.4103,0.2655,0.3383,0.338033333333333,0.4109,0.265,0.336,0.3373
2485,0.4671,0.293,0.3624,0.374166666666667,0.4677,0.2924,0.3603,0.373466666666667
2503,0.4544,0.2931,0.3633,0.370266666666667,0.4547,0.2925,0.3616,0.3696
2505,0.4291,0.2867,0.354,0.3566,0.4291,0.2861,0.3526,0.355933333333333
2507,0.4433,0.3029,0.3786,0.374933333333333,0.4429,0.3023,0.3776,0.374266666666667
2514,0.389,0.2812,0.3773,0.349166666666667,0.3887,0.2806,0.3765,0.3486
2516,0.3484,0.2488,0.3567,0.317966666666667,0.3483,0.2484,0.3557,0.317466666666667
2518,0.3226,0.2423,0.3744,0.3131,0.3225,0.2419,0.3736,0.312666666666667
2531,0.2992,0.2325,0.3938,0.3085,0.2991,0.2323,0.3932,0.3082
2533,0.2953,0.2386,0.4174,0.3171,0.2952,0.2382,0.417,0.3168
2535,0.3038,0.2447,0.4404,0.329633333333333,0.3037,0.2444,0.4402,0.329433333333333
2550,0.272,0.2223,0.4067,0.300333333333333,0.2718,0.222,0.4067,0.300166666666667
2552,0.2609,0.2201,0.4041,0.295033333333333,0.261,0.2198,0.4044,0.295066666666667
2554,0.2453,0.218,0.3822,0.281833333333333,0.2454,0.2178,0.3829,0.282033333333333
2570,0.2663,0.2129,0.4221,0.300433333333333,0.2664,0.2126,0.4231,0.3007
2572,0.2746,0.231,0.4263,0.310633333333333,0.2745,0.2308,0.4275,0.310933333333333
2582,0.3043,0.2552,0.4678,0.342433333333333,0.3043,0.2551,0.4693,0.3429
2584,0.2948,0.2376,0.4741,0.3355,0.2952,0.2374,0.4759,0.336166666666667
2586,0.3294,0.2678,0.5233,0.3735,0.3299,0.2677,0.5253,0.3743
2588,0.3388,0.2752,0.5479,0.3873,0.3396,0.2752,0.5501,0.3883
2595,0.3158,0.2566,0.5332,0.368533333333333,0.3167,0.2566,0.5357,0.369666666666667
2597,0.3108,0.2442,0.5335,0.362833333333333,0.312,0.2441,0.5361,0.364066666666667
2599,0.2991,0.2283,0.5314,0.352933333333333,0.3004,0.2283,0.5341,0.354266666666667
2617,0.3172,0.2502,0.5782,0.381866666666667,0.3185,0.2503,0.5811,0.3833
2619,0.3147,0.2526,0.583,0.383433333333333,0.316,0.2528,0.5861,0.384966666666667
2629,0.3334,0.2761,0.6317,0.413733333333333,0.3348,0.2765,0.635,0.415433333333333
2631,0.3371,0.2622,0.6655,0.4216,0.3386,0.2626,0.6688,0.423333333333333
2633,0.3606,0.2839,0.7086,0.451033333333333,0.362,0.2844,0.7119,0.452766666666667
2635,0.3704,0.2747,0.7491,0.464733333333333,0.3718,0.2752,0.7524,0.466466666666667
2647,0.3575,0.267,0.7934,0.472633333333333,0.359,0.2675,0.7969,0.474466666666667
2649,0.3286,0.2593,0.8028,0.463566666666667,0.3302,0.2596,0.8065,0.465433333333333
2651,0.3249,0.2735,0.847,0.4818,0.3264,0.2736,0.8508,0.4836
2658,0.3073,0.2503,0.8379,0.465166666666667,0.309,0.2504,0.8418,0.467066666666667
2660,0.3155,0.2369,0.7929,0.448433333333333,0.3171,0.2373,0.7968,0.4504
2662,0.3174,0.226,0.7854,0.442933333333333,0.319,0.2264,0.7892,0.444866666666667
2682,0.2966,0.2109,0.7866,0.431366666666667,0.2981,0.2111,0.7903,0.433166666666667
2684,0.2985,0.2061,0.7983,0.4343,0.3,0.2062,0.802,0.436066666666667
2686,0.2926,0.2008,0.8056,0.433,0.294,0.2008,0.8092,0.434666666666667
2697,0.3056,0.1996,0.7599,0.4217,0.3068,0.2,0.7634,0.4234
2699,0.2914,0.2075,0.7692,0.4227,0.2926,0.2078,0.7726,0.424333333333333
2701,0.311,0.2235,0.7333,0.4226,0.312,0.2242,0.7366,0.424266666666667
2709,0.3291,0.2283,0.6993,0.4189,0.3299,0.2291,0.7024,0.420466666666667
2711,0.3421,0.2171,0.7174,0.425533333333333,0.343,0.2179,0.7206,0.427166666666667
2713,0.3779,0.2281,0.6962,0.434066666666667,0.3786,0.2292,0.6993,0.4357
2726,0.3656,0.2279,0.657,0.416833333333333,0.3664,0.2291,0.6602,0.418566666666667
2728,0.3321,0.2119,0.6603,0.401433333333333,0.333,0.2129,0.6637,0.4032
2730,0.336,0.2203,0.6286,0.394966666666667,0.3369,0.2214,0.632,0.396766666666667
2737,0.3014,0.204,0.5874,0.364266666666667,0.3023,0.205,0.5908,0.366033333333333
2739,0.2668,0.1918,0.5965,0.3517,0.268,0.1926,0.5999,0.3535
2741,0.2423,0.1822,0.564,0.3295,0.2436,0.1829,0.5673,0.331266666666667
2748,0.2317,0.1758,0.5322,0.313233333333333,0.2329,0.1765,0.5353,0.3149
2750,0.2415,0.1816,0.5526,0.325233333333333,0.2426,0.1823,0.5556,0.326833333333333
2752,0.2397,0.1825,0.5327,0.3183,0.2405,0.1832,0.5356,0.319766666666667
2769,0.2382,0.1848,0.5022,0.3084,0.239,0.1856,0.505,0.309866666666667
2771,0.2516,0.193,0.5184,0.321,0.2524,0.194,0.5212,0.322533333333333
2773,0.2588,0.1998,0.4987,0.3191,0.2595,0.2008,0.5014,0.320566666666667
2791,0.2397,0.1887,0.4541,0.294166666666667,0.2404,0.1895,0.4568,0.295566666666667
2793,0.2271,0.1788,0.4522,0.286033333333333,0.228,0.1795,0.4551,0.287533333333333
2795,0.2125,0.1686,0.4188,0.266633333333333,0.2134,0.1691,0.4216,0.268033333333333
2815,0.1891,0.1539,0.3823,0.241766666666667,0.19,0.1543,0.385,0.2431
2817,0.1834,0.1494,0.3924,0.241733333333333,0.1843,0.1499,0.3952,0.243133333333333
2819,0.1673,0.14,0.3647,0.224,0.1682,0.1404,0.3675,0.225366666666667
2839,0.168,0.1429,0.3425,0.2178,0.1687,0.1434,0.3451,0.219066666666667
2841,0.1847,0.156,0.3687,0.236466666666667,0.1853,0.1566,0.3711,0.237666666666667
2843,0.1918,0.1643,0.3641,0.240066666666667,0.1922,0.165,0.3663,0.241166666666667
2856,0.1861,0.1626,0.3332,0.2273,0.1865,0.1631,0.3351,0.228233333333333
2858,0.1911,0.1638,0.3356,0.230166666666667,0.1916,0.1643,0.3375,0.231133333333333
2860,0.1922,0.1657,0.3146,0.224166666666667,0.1926,0.1662,0.3162,0.225
2878,0.1753,0.1525,0.2745,0.200766666666667,0.1758,0.1528,0.276,0.201533333333333
2880,0.1659,0.1414,0.2703,0.192533333333333,0.1666,0.1416,0.2721,0.193433333333333
2882,0.1551,0.1301,0.2436,0.176266666666667,0.1558,0.1302,0.2453,0.1771
2899,0.1439,0.1255,0.2128,0.160733333333333,0.1446,0.1256,0.2142,0.161466666666667
2901,0.1426,0.1293,0.2224,0.164766666666667,0.1432,0.1295,0.224,0.165566666666667
2903,0.1419,0.1342,0.2094,0.161833333333333,0.1424,0.1344,0.2108,0.162533333333333
2916,0.1461,0.1406,0.2111,0.165933333333333,0.1465,0.1408,0.2119,0.1664
2918,0.1577,0.1507,0.239,0.182466666666667,0.1579,0.151,0.2397,0.182866666666667
2920,0.1679,0.1637,0.2567,0.1961,0.1681,0.164,0.2569,0.196333333333333
2938,0.1657,0.1619,0.2359,0.187833333333333,0.166,0.162,0.2355,0.187833333333333
2940,0.1642,0.1524,0.2197,0.178766666666667,0.1647,0.1524,0.2192,0.178766666666667
2942,0.1712,0.1563,0.2161,0.1812,0.1718,0.1563,0.2149,0.181
2962,0.1598,0.1499,0.2008,0.170166666666667,0.1605,0.1498,0.1992,0.169833333333333
2964,0.1436,0.1346,0.1769,0.1517,0.1443,0.1346,0.1756,0.1515
2966,0.1358,0.1275,0.1744,0.1459,0.1366,0.1274,0.1727,0.145566666666667
2984,0.1311,0.1247,0.1901,0.148633333333333,0.1318,0.1246,0.1882,0.1482
2986,0.1249,0.1293,0.1919,0.1487,0.1255,0.1294,0.1903,0.1484
2988,0.1257,0.1315,0.2242,0.160466666666667,0.1263,0.1317,0.2228,0.160266666666667
3004,0.1365,0.1396,0.2429,0.173,0.1371,0.1397,0.2415,0.172766666666667
3006,0.1482,0.1458,0.2672,0.187066666666667,0.1488,0.146,0.2656,0.1868
3008,0.1624,0.158,0.2788,0.199733333333333,0.163,0.1584,0.2771,0.1995
3021,0.1611,0.1629,0.2684,0.197466666666667,0.1618,0.1635,0.267,0.197433333333333
3023,0.1542,0.1576,0.2719,0.194566666666667,0.1549,0.1581,0.2705,0.1945
3025,0.1615,0.1699,0.2735,0.201633333333333,0.1623,0.1705,0.2721,0.201633333333333
3032,0.1593,0.1602,0.2585,0.192666666666667,0.1601,0.161,0.2574,0.192833333333333
3034,0.1546,0.139,0.2408,0.178133333333333,0.1552,0.1393,0.2399,0.178133333333333
3036,0.1587,0.136,0.2365,0.177066666666667,0.1593,0.1364,0.2358,0.177166666666667
3042,0.171,0.1581,0.2541,0.1944,0.1717,0.1591,0.2536,0.1948
3044,0.1801,0.1796,0.2824,0.214033333333333,0.1808,0.1808,0.2821,0.214566666666667
3046,0.2004,0.2223,0.3126,0.2451,0.2012,0.224,0.3125,0.2459
3056,0.2056,0.2485,0.325,0.2597,0.2065,0.2505,0.3251,0.2607
3058,0.1956,0.2421,0.3208,0.252833333333333,0.1964,0.2442,0.3208,0.2538
3060,0.2061,0.2796,0.3456,0.2771,0.2069,0.2819,0.3457,0.278166666666667
3075,0.2114,0.2801,0.3367,0.276066666666667,0.2122,0.2824,0.3369,0.277166666666667
3077,0.2036,0.2456,0.3017,0.2503,0.2044,0.2478,0.3019,0.251366666666667
3079,0.2119,0.2451,0.2999,0.2523,0.2126,0.2472,0.3001,0.2533
3089,0.2229,0.2534,0.3019,0.2594,0.2237,0.2557,0.3024,0.2606
3091,0.2408,0.267,0.3237,0.277166666666667,0.2416,0.2692,0.3244,0.2784
3093,0.2575,0.2784,0.3399,0.291933333333333,0.2584,0.2807,0.3407,0.293266666666667
3100,0.2394,0.2494,0.3205,0.269766666666667,0.2402,0.2515,0.3213,0.271
3102,0.2153,0.2228,0.296,0.2447,0.216,0.2248,0.2966,0.2458
3104,0.1982,0.1992,0.2866,0.228,0.1988,0.201,0.2871,0.228966666666667
3124,0.1876,0.1983,0.2819,0.2226,0.1883,0.2001,0.2821,0.2235
3126,0.1897,0.2024,0.2889,0.227,0.1904,0.204,0.289,0.2278
3136,0.1889,0.2143,0.3008,0.234666666666667,0.1895,0.2159,0.3007,0.235366666666667
3138,0.1654,0.1902,0.2789,0.2115,0.1659,0.1917,0.2786,0.212066666666667
3140,0.171,0.2037,0.293,0.222566666666667,0.1715,0.2053,0.2926,0.223133333333333
3142,0.1614,0.1909,0.2805,0.210933333333333,0.1618,0.1923,0.2799,0.211333333333333
3162,0.1514,0.177,0.2582,0.195533333333333,0.1516,0.178,0.2574,0.195666666666667
3164,0.1564,0.1935,0.2639,0.2046,0.1567,0.1944,0.2631,0.204733333333333
3166,0.1539,0.1961,0.2518,0.2006,0.154,0.1965,0.2509,0.200466666666667
3186,0.1389,0.1742,0.2269,0.18,0.1388,0.1743,0.2261,0.179733333333333
3188,0.1324,0.1624,0.2195,0.171433333333333,0.1325,0.1625,0.219,0.171333333333333
3190,0.1262,0.1533,0.2089,0.1628,0.1262,0.1531,0.2087,0.162666666666667
3205,0.1111,0.132,0.1899,0.144333333333333,0.1111,0.1317,0.1898,0.1442
3207,0.105,0.1161,0.1868,0.135966666666667,0.1051,0.1163,0.1866,0.136
3209,0.0979,0.1033,0.181,0.1274,0.0979,0.1034,0.1808,0.127366666666667
3226,0.0944,0.1002,0.1706,0.121733333333333,0.0944,0.1001,0.1702,0.121566666666667
3228,0.0987,0.1063,0.1725,0.125833333333333,0.0987,0.1062,0.1718,0.125566666666667
3230,0.1022,0.1098,0.1704,0.127466666666667,0.1022,0.1095,0.1694,0.127033333333333
3237,0.0987,0.1142,0.1719,0.128266666666667,0.0985,0.1136,0.171,0.1277
3239,0.0962,0.1162,0.1838,0.132066666666667,0.0959,0.1156,0.1832,0.131566666666667
3241,0.0983,0.1253,0.1972,0.140266666666667,0.0979,0.1245,0.1967,0.1397
3256,0.0892,0.1136,0.1957,0.132833333333333,0.0886,0.1127,0.1953,0.1322
3258,0.0845,0.1034,0.1987,0.128866666666667,0.0839,0.1025,0.1982,0.1282
3260,0.0831,0.1,0.2072,0.1301,0.0826,0.099,0.2069,0.1295
3277,0.0842,0.0975,0.1917,0.124466666666667,0.0837,0.0965,0.1911,0.123766666666667
3279,0.0864,0.0972,0.1779,0.1205,0.0858,0.0963,0.1772,0.119766666666667
3281,0.09,0.0966,0.1655,0.117366666666667,0.0895,0.0956,0.1646,0.116566666666667
3289,0.0909,0.0924,0.1657,0.116333333333333,0.0904,0.0916,0.1648,0.1156
3291,0.0968,0.0939,0.1695,0.120066666666667,0.0965,0.0931,0.1688,0.119466666666667
3293,0.102,0.0925,0.1721,0.1222,0.1017,0.0918,0.1714,0.121633333333333
3299,0.1054,0.0912,0.1605,0.119033333333333,0.1051,0.0906,0.1597,0.118466666666667
3301,0.11,0.0968,0.1589,0.1219,0.1099,0.0962,0.158,0.121366666666667
3303,0.1165,0.0994,0.1529,0.122933333333333,0.1164,0.0988,0.1519,0.122366666666667
3314,0.1115,0.0965,0.1452,0.117733333333333,0.1113,0.0959,0.144,0.117066666666667
3316,0.1056,0.0979,0.1426,0.115366666666667,0.1054,0.0973,0.1413,0.114666666666667
3318,0.1035,0.0995,0.139,0.114,0.1032,0.0988,0.1375,0.113166666666667
3328,0.0974,0.0931,0.1388,0.109766666666667,0.0969,0.0924,0.1374,0.1089
3330,0.0908,0.0876,0.1385,0.105633333333333,0.0902,0.0869,0.1372,0.104766666666667
3332,0.0872,0.0856,0.1384,0.103733333333333,0.0865,0.0849,0.1372,0.102866666666667
3347,0.0906,0.0831,0.1378,0.103833333333333,0.0899,0.0825,0.1367,0.103033333333333
3349,0.0943,0.0812,0.1375,0.104333333333333,0.0938,0.0806,0.1365,0.103633333333333
3351,0.0997,0.0818,0.1385,0.106666666666667,0.0992,0.0813,0.1376,0.106033333333333
3364,0.104,0.0862,0.138,0.1094,0.1036,0.0857,0.1369,0.108733333333333
3366,0.1069,0.0898,0.1383,0.111666666666667,0.1066,0.0893,0.137,0.110966666666667
3368,0.1125,0.0952,0.1404,0.116033333333333,0.1123,0.0947,0.1389,0.1153
3376,0.1079,0.0957,0.139,0.1142,0.1076,0.0952,0.1374,0.1134
3378,0.104,0.0945,0.1381,0.1122,0.1036,0.094,0.1365,0.111366666666667
3380,0.1026,0.0982,0.1386,0.113133333333333,0.1021,0.0976,0.1368,0.112166666666667
3400,0.0997,0.0959,0.1355,0.110366666666667,0.0991,0.0954,0.1338,0.109433333333333
3402,0.0947,0.0876,0.1286,0.103633333333333,0.0941,0.087,0.1271,0.102733333333333
3404,0.0926,0.0871,0.1266,0.1021,0.092,0.0865,0.1252,0.101233333333333
3419,0.0962,0.0879,0.1284,0.104166666666667,0.0956,0.0873,0.127,0.1033
3421,0.1015,0.0879,0.1315,0.106966666666667,0.101,0.0874,0.1302,0.1062
3423,0.1068,0.0899,0.1345,0.1104,0.1064,0.0895,0.1333,0.109733333333333
3441,0.1086,0.0929,0.135,0.112166666666667,0.1082,0.0924,0.1336,0.1114
3443,0.1112,0.1003,0.1358,0.115766666666667,0.1108,0.0998,0.1343,0.114966666666667
3445,0.1164,0.1069,0.139,0.120766666666667,0.1161,0.1063,0.1374,0.119933333333333
3463,0.1087,0.1005,0.1345,0.114566666666667,0.1085,0.0997,0.1328,0.113666666666667
3465,0.0969,0.1008,0.1273,0.108333333333333,0.0966,0.0999,0.1255,0.107333333333333
3467,0.0924,0.1054,0.1243,0.107366666666667,0.0921,0.1044,0.1226,0.106366666666667
3480,0.0898,0.0968,0.121,0.102533333333333,0.0894,0.0957,0.1194,0.1015
3482,0.089,0.0863,0.1196,0.0983,0.0885,0.0853,0.1182,0.097333333333333
3484,0.0922,0.0875,0.1202,0.099966666666667,0.0917,0.0866,0.1191,0.099133333333333
3499,0.099,0.0935,0.1248,0.105766666666667,0.0986,0.0925,0.1238,0.104966666666667
3501,0.1083,0.0931,0.1292,0.1102,0.1081,0.092,0.1281,0.1094
3503,0.1205,0.1055,0.1346,0.1202,0.1203,0.1045,0.1337,0.1195
3523,0.1175,0.113,0.1298,0.1201,0.1175,0.1117,0.1287,0.1193
3525,0.1118,0.1107,0.1267,0.1164,0.1118,0.1093,0.1254,0.1155
3527,0.1166,0.1241,0.1271,0.1226,0.1167,0.1227,0.1257,0.1217
3538,0.1104,0.127,0.1175,0.1183,0.1105,0.1255,0.1162,0.1174
3540,0.102,0.1177,0.1083,0.109333333333333,0.1019,0.1162,0.107,0.108366666666667
3542,0.1,0.1251,0.1027,0.109266666666667,0.0999,0.1237,0.1016,0.1084
3562,0.1004,0.1401,0.1026,0.114366666666667,0.1002,0.1387,0.1018,0.113566666666667
3564,0.1157,0.1619,0.1266,0.134733333333333,0.1156,0.1606,0.1261,0.1341
3566,0.1254,0.192,0.128,0.148466666666667,0.1254,0.1909,0.1278,0.148033333333333
3574,0.1443,0.2135,0.1381,0.1653,0.1443,0.2125,0.1375,0.164766666666667
3576,0.158,0.2205,0.1756,0.1847,0.1579,0.2195,0.1736,0.183666666666667
3578,0.1885,0.2539,0.1974,0.213266666666667,0.1885,0.2531,0.1951,0.212233333333333
3589,0.2066,0.2949,0.2067,0.236066666666667,0.2067,0.2943,0.2042,0.235066666666667
3591,0.1998,0.3069,0.1987,0.235133333333333,0.1999,0.3064,0.1964,0.234233333333333
3593,0.233,0.3553,0.2069,0.265066666666667,0.2332,0.355,0.2046,0.264266666666667
3603,0.2091,0.3278,0.2012,0.246033333333333,0.2092,0.3274,0.1991,0.245233333333333
3605,0.242,0.3466,0.2183,0.268966666666667,0.2422,0.3459,0.2164,0.268166666666667
3607,0.2494,0.3335,0.2273,0.270066666666667,0.2496,0.3328,0.2256,0.269333333333333
3622,0.2353,0.3095,0.2197,0.254833333333333,0.2354,0.3085,0.2181,0.254
3624,0.2297,0.2614,0.2176,0.236233333333333,0.2298,0.2603,0.2159,0.235333333333333
3626,0.226,0.29,0.2182,0.244733333333333,0.2261,0.2888,0.2166,0.243833333333333
3644,0.2214,0.3135,0.2208,0.2519,0.2215,0.3122,0.2192,0.250966666666667
3646,0.2479,0.3785,0.227,0.284466666666667,0.248,0.3772,0.2256,0.2836
3648,0.297,0.4205,0.2399,0.319133333333333,0.2971,0.4191,0.2386,0.318266666666667
3656,0.2699,0.4062,0.2305,0.3022,0.2701,0.4049,0.2293,0.301433333333333
3658,0.2548,0.391,0.2084,0.284733333333333,0.2549,0.3899,0.2073,0.284033333333333
3660,0.243,0.397,0.2067,0.282233333333333,0.2432,0.396,0.2058,0.281666666666667
3668,0.2251,0.3348,0.1815,0.247133333333333,0.2256,0.3339,0.1806,0.2467
3670,0.2561,0.3327,0.1859,0.258233333333333,0.2568,0.3318,0.1852,0.257933333333333
3672,0.2884,0.2898,0.1759,0.251366666666667,0.2891,0.289,0.1753,0.251133333333333
3679,0.2586,0.293,0.1581,0.236566666666667,0.2594,0.2923,0.1576,0.236433333333333
3681,0.2496,0.2667,0.1531,0.223133333333333,0.2503,0.2661,0.1526,0.223
3683,0.2275,0.2991,0.1445,0.2237,0.2281,0.2987,0.144,0.2236
3698,0.2089,0.252,0.1412,0.2007,0.2095,0.2517,0.1409,0.2007
3700,0.1971,0.3052,0.1361,0.2128,0.1977,0.3051,0.1359,0.2129
3710,0.1796,0.2767,0.1381,0.198133333333333,0.1802,0.2766,0.138,0.198266666666667
3712,0.1627,0.1892,0.1398,0.1639,0.1632,0.1891,0.1397,0.164
3714,0.1516,0.1555,0.1476,0.151566666666667,0.1521,0.1555,0.1475,0.1517
3716,0.1422,0.1553,0.1532,0.150233333333333,0.1425,0.1553,0.1531,0.1503
3723,0.1241,0.1362,0.1412,0.133833333333333,0.1243,0.1362,0.1414,0.133966666666667
3725,0.1174,0.1312,0.1311,0.126566666666667,0.1176,0.1311,0.1315,0.126733333333333
3727,0.107,0.1215,0.1251,0.117866666666667,0.107,0.1214,0.1256,0.118
3737,0.0966,0.1013,0.116,0.104633333333333,0.0965,0.1011,0.1166,0.104733333333333
3739,0.0915,0.1003,0.1139,0.1019,0.0913,0.1001,0.1146,0.102
3749,0.0872,0.0927,0.1105,0.0968,0.0868,0.0925,0.1111,0.0968
3751,0.086,0.0851,0.1042,0.091766666666667,0.0857,0.0849,0.105,0.091866666666667
3753,0.0925,0.0888,0.1046,0.0953,0.0923,0.0886,0.1055,0.095466666666667
3755,0.103,0.0886,0.1023,0.097966666666667,0.103,0.0885,0.1032,0.098233333333333
3770,0.109,0.0837,0.0994,0.097366666666667,0.1091,0.0837,0.1002,0.097666666666667
3772,0.1095,0.0856,0.103,0.099366666666667,0.1096,0.0856,0.1037,0.099633333333333
3774,0.1207,0.0916,0.1038,0.105366666666667,0.1209,0.0917,0.1044,0.105666666666667
3782,0.1179,0.0886,0.1017,0.102733333333333,0.118,0.0886,0.1022,0.102933333333333
3784,0.1084,0.0814,0.1022,0.097333333333333,0.1084,0.0814,0.1026,0.097466666666667
3786,0.1068,0.0809,0.1031,0.096933333333333,0.1067,0.0808,0.1033,0.096933333333333
3802,0.1045,0.0797,0.0998,0.094666666666667,0.1044,0.0795,0.1,0.094633333333333
3804,0.1038,0.0753,0.0954,0.0915,0.1037,0.0751,0.0957,0.0915
3806,0.1068,0.0829,0.0947,0.0948,0.1066,0.0827,0.0949,0.094733333333333
3813,0.1155,0.0883,0.0889,0.097566666666667,0.1154,0.0882,0.0891,0.097566666666667
3815,0.1064,0.0916,0.0856,0.094533333333333,0.1063,0.0919,0.086,0.094733333333333
3817,0.1291,0.1181,0.0837,0.1103,0.1291,0.1184,0.084,0.1105
3834,0.1381,0.1322,0.086,0.118766666666667,0.1381,0.1324,0.0863,0.118933333333333
3836,0.1548,0.1553,0.0908,0.133633333333333,0.1546,0.1554,0.091,0.133666666666667
3838,0.1527,0.1593,0.0962,0.136066666666667,0.1525,0.1594,0.0963,0.136066666666667
3858,0.1476,0.1531,0.0959,0.1322,0.1473,0.1531,0.0958,0.132066666666667
3860,0.1567,0.1599,0.0959,0.1375,0.1564,0.1599,0.0957,0.137333333333333
3862,0.1567,0.1598,0.0989,0.138466666666667,0.1563,0.1598,0.0985,0.1382
3874,0.1455,0.1407,0.0905,0.125566666666667,0.1452,0.1407,0.0902,0.125366666666667
3876,0.1402,0.1314,0.0849,0.118833333333333,0.14,0.1315,0.0846,0.1187
3878,0.1313,0.1247,0.0835,0.113166666666667,0.1312,0.1248,0.0832,0.113066666666667
3884,0.1132,0.1182,0.0809,0.1041,0.1131,0.1183,0.0806,0.104
3886,0.1074,0.1233,0.0802,0.103633333333333,0.1073,0.1234,0.08,0.103566666666667
3888,0.0978,0.1339,0.085,0.105566666666667,0.0978,0.1338,0.0849,0.1055
3894,0.093,0.1324,0.0902,0.1052,0.0929,0.1323,0.0901,0.1051
3896,0.0868,0.1287,0.0909,0.102133333333333,0.0866,0.1286,0.0906,0.101933333333333
3898,0.0828,0.1336,0.098,0.1048,0.0826,0.1336,0.0976,0.1046
3905,0.0875,0.1284,0.0916,0.1025,0.0872,0.1284,0.0911,0.102233333333333
3907,0.1067,0.1252,0.0904,0.107433333333333,0.1064,0.1253,0.0898,0.107166666666667
3909,0.1238,0.1305,0.0927,0.115666666666667,0.1236,0.1307,0.0921,0.115466666666667
3924,0.1062,0.1091,0.0899,0.101733333333333,0.1059,0.1091,0.0893,0.101433333333333
3926,0.1247,0.1236,0.0965,0.114933333333333,0.1242,0.1236,0.0959,0.114566666666667
3936,0.1282,0.1264,0.104,0.119533333333333,0.1276,0.1263,0.1034,0.1191
3938,0.1153,0.1207,0.1018,0.1126,0.1146,0.1206,0.1011,0.1121
3940,0.1115,0.1133,0.099,0.107933333333333,0.1109,0.1132,0.0983,0.107466666666667
3942,0.1082,0.1099,0.0998,0.105966666666667,0.1076,0.1097,0.0991,0.105466666666667
3957,0.112,0.1189,0.1033,0.1114,0.1114,0.1187,0.1028,0.110966666666667
3959,0.1151,0.1237,0.1086,0.1158,0.1144,0.1233,0.1081,0.115266666666667
3961,0.1228,0.1379,0.1156,0.125433333333333,0.1222,0.1376,0.1154,0.125066666666667
3969,0.1127,0.1248,0.1064,0.114633333333333,0.1121,0.1246,0.1062,0.1143
3971,0.1167,0.132,0.106,0.118233333333333,0.1161,0.1318,0.1061,0.118
3973,0.1123,0.1225,0.103,0.1126,0.1118,0.1224,0.1032,0.112466666666667
3981,0.1075,0.1125,0.1094,0.1098,0.1069,0.1123,0.1094,0.109533333333333
3983,0.1136,0.1214,0.1213,0.118766666666667,0.113,0.1211,0.1213,0.118466666666667
3985,0.1166,0.1224,0.1379,0.125633333333333,0.1159,0.1221,0.1377,0.125233333333333
3997,0.1092,0.1137,0.1389,0.1206,0.1086,0.1133,0.1384,0.1201
3999,0.1044,0.1091,0.1269,0.113466666666667,0.1038,0.1087,0.1263,0.112933333333333
4001,0.1003,0.1027,0.1307,0.111233333333333,0.0997,0.1023,0.1299,0.110633333333333
4016,0.0954,0.0929,0.1223,0.103533333333333,0.0949,0.0926,0.1217,0.103066666666667
4018,0.0947,0.0919,0.1096,0.098733333333333,0.0942,0.0917,0.1094,0.098433333333333
4020,0.0939,0.0901,0.1032,0.095733333333333,0.0936,0.09,0.1032,0.0956
4040,0.0919,0.0872,0.1001,0.093066666666667,0.0916,0.0871,0.1003,0.093
4042,0.0911,0.0872,0.0995,0.0926,0.0907,0.087,0.0996,0.092433333333333
4044,0.092,0.0875,0.1029,0.094133333333333,0.0917,0.0873,0.103,0.094
4059,0.0937,0.0877,0.1128,0.098066666666667,0.0934,0.0874,0.1128,0.097866666666667
4061,0.0959,0.0896,0.121,0.102166666666667,0.0955,0.0893,0.1208,0.101866666666667
4063,0.0994,0.0927,0.1357,0.109266666666667,0.099,0.0924,0.1353,0.1089
4076,0.0983,0.0897,0.1356,0.107866666666667,0.098,0.0894,0.1356,0.107666666666667
4078,0.097,0.0884,0.1311,0.1055,0.0967,0.0881,0.1313,0.105366666666667
4080,0.0985,0.0886,0.1364,0.107833333333333,0.0982,0.0883,0.1367,0.107733333333333
4095,0.0988,0.0873,0.1284,0.104833333333333,0.0986,0.0871,0.1291,0.104933333333333
4097,0.0994,0.0865,0.114,0.099966666666667,0.0993,0.0863,0.1149,0.100166666666667
4099,0.1031,0.0877,0.1137,0.1015,0.103,0.0877,0.1147,0.1018
4114,0.104,0.0871,0.1136,0.101566666666667,0.104,0.0871,0.1145,0.101866666666667
4116,0.1013,0.0866,0.1129,0.100266666666667,0.1012,0.0866,0.1137,0.1005
4118,0.1038,0.0897,0.1199,0.104466666666667,0.1037,0.0897,0.1204,0.1046
4136,0.1038,0.091,0.1232,0.106,0.1037,0.0911,0.1238,0.1062
4138,0.0996,0.0871,0.119,0.1019,0.0995,0.087,0.1195,0.102
4140,0.1006,0.0864,0.1241,0.1037,0.1005,0.0864,0.1247,0.103866666666667
4155,0.1051,0.0873,0.1255,0.105966666666667,0.105,0.0873,0.1263,0.1062
4157,0.1116,0.0912,0.135,0.1126,0.1116,0.0912,0.136,0.112933333333333
4159,0.1195,0.0946,0.1437,0.119266666666667,0.1196,0.0946,0.1448,0.119666666666667
4162,0.1129,0.087,0.1394,0.1131,0.113,0.0869,0.1405,0.113466666666667
4164,0.1092,0.0853,0.137,0.1105,0.1092,0.0851,0.1379,0.110733333333333
4166,0.1069,0.0828,0.1386,0.109433333333333,0.1068,0.0824,0.1394,0.109533333333333
4173,0.1004,0.08,0.1267,0.102366666666667,0.1003,0.0796,0.1274,0.102433333333333
4175,0.103,0.082,0.1264,0.1038,0.1029,0.0816,0.1272,0.1039
4177,0.1,0.083,0.1192,0.100733333333333,0.0998,0.0826,0.1198,0.100733333333333
4183,0.0945,0.0804,0.1177,0.097533333333333,0.0941,0.08,0.1182,0.097433333333333
4185,0.097,0.0809,0.1235,0.100466666666667,0.0966,0.0804,0.124,0.100333333333333
4187,0.0952,0.0817,0.1293,0.102066666666667,0.0947,0.0811,0.1296,0.1018
4202,0.0898,0.0802,0.1321,0.1007,0.0892,0.0796,0.1323,0.100366666666667
4204,0.0901,0.0809,0.1293,0.1001,0.0896,0.0804,0.1295,0.099833333333333
4206,0.087,0.0818,0.1334,0.100733333333333,0.0865,0.0813,0.1334,0.1004
4219,0.0825,0.0811,0.1298,0.0978,0.082,0.0806,0.1297,0.097433333333333
4221,0.0849,0.0807,0.124,0.096533333333333,0.0844,0.0801,0.124,0.096166666666667
4223,0.0833,0.0817,0.124,0.096333333333333,0.0828,0.0812,0.1239,0.095966666666667
4243,0.082,0.0811,0.1226,0.095233333333333,0.0814,0.0805,0.1222,0.0947
4245,0.0841,0.079,0.1205,0.094533333333333,0.0835,0.0784,0.1201,0.094
4247,0.0842,0.0784,0.1211,0.094566666666667,0.0835,0.0778,0.1205,0.093933333333333
4262,0.0819,0.0801,0.1239,0.0953,0.0811,0.0794,0.1231,0.094533333333333
4264,0.0806,0.081,0.1236,0.095066666666667,0.0798,0.0804,0.1228,0.094333333333333
4266,0.0804,0.0843,0.1274,0.097366666666667,0.0796,0.0837,0.1264,0.096566666666667
4286,0.0819,0.0887,0.129,0.099866666666667,0.0811,0.088,0.1278,0.098966666666667
4288,0.0801,0.0894,0.1261,0.098533333333333,0.0793,0.0888,0.125,0.0977
4290,0.0812,0.0947,0.1292,0.1017,0.0805,0.094,0.128,0.100833333333333
4297,0.083,0.094,0.1319,0.102966666666667,0.0824,0.0933,0.1307,0.102133333333333
4299,0.0829,0.0884,0.1307,0.100666666666667,0.0823,0.0878,0.1296,0.0999
4301,0.0859,0.0868,0.1367,0.103133333333333,0.0853,0.0861,0.1355,0.1023
4312,0.0873,0.0871,0.135,0.103133333333333,0.0866,0.0865,0.1336,0.102233333333333
4314,0.0869,0.0865,0.1359,0.1031,0.0862,0.0859,0.1345,0.1022
4316,0.0898,0.0899,0.139,0.106233333333333,0.089,0.0892,0.1374,0.1052
4331,0.0912,0.0968,0.1384,0.1088,0.0904,0.0961,0.1366,0.1077
4333,0.0908,0.1019,0.1378,0.110166666666667,0.09,0.1012,0.1361,0.1091
4335,0.0958,0.112,0.14,0.115933333333333,0.0951,0.1112,0.1381,0.1148
4343,0.0991,0.1128,0.1376,0.1165,0.0984,0.1121,0.1357,0.1154
4345,0.0999,0.1095,0.1325,0.113966666666667,0.0993,0.1088,0.1307,0.112933333333333
4347,0.1075,0.1136,0.1312,0.117433333333333,0.1069,0.1129,0.1295,0.116433333333333
4362,0.1085,0.1117,0.1298,0.116666666666667,0.1079,0.111,0.128,0.115633333333333
4364,0.1061,0.1041,0.1313,0.113833333333333,0.1055,0.1034,0.1294,0.112766666666667
4366,0.1115,0.1051,0.1342,0.116933333333333,0.111,0.1044,0.1323,0.1159
4379,0.1114,0.1089,0.1361,0.1188,0.1108,0.1081,0.1341,0.117666666666667
4381,0.1105,0.1091,0.1361,0.118566666666667,0.1098,0.1083,0.134,0.117366666666667
4383,0.1189,0.1182,0.1413,0.126133333333333,0.1182,0.1173,0.1392,0.1249
4393,0.1209,0.1274,0.1423,0.1302,0.1203,0.1264,0.1402,0.128966666666667
4395,0.1188,0.1277,0.1414,0.1293,0.1181,0.1267,0.1393,0.128033333333333
4397,0.1273,0.1412,0.1476,0.1387,0.1267,0.1402,0.1455,0.137466666666667
4415,0.1273,0.1436,0.1467,0.1392,0.1268,0.1425,0.1446,0.137966666666667
4417,0.1261,0.136,0.1416,0.134566666666667,0.1257,0.135,0.1394,0.133366666666667
4419,0.1313,0.1432,0.1432,0.139233333333333,0.131,0.1421,0.1411,0.138066666666667
4426,0.1243,0.1538,0.1423,0.140133333333333,0.124,0.1525,0.14,0.138833333333333
4428,0.1192,0.1641,0.1358,0.1397,0.1187,0.1632,0.1333,0.1384
4430,0.1179,0.1872,0.1372,0.147433333333333,0.1173,0.1862,0.1346,0.146033333333333
4440,0.112,0.1645,0.1298,0.135433333333333,0.1113,0.1639,0.1271,0.1341
4442,0.1111,0.1337,0.1262,0.123666666666667,0.1104,0.1339,0.1237,0.122666666666667
4444,0.1108,0.1342,0.1262,0.123733333333333,0.1101,0.1349,0.1238,0.122933333333333
4451,0.1074,0.1389,0.1265,0.124266666666667,0.1068,0.1397,0.1242,0.123566666666667
4453,0.1046,0.1334,0.1206,0.119533333333333,0.104,0.1342,0.1184,0.118866666666667
4455,0.1043,0.142,0.1205,0.122266666666667,0.1038,0.1427,0.1185,0.121666666666667
4470,0.1039,0.1444,0.1224,0.123566666666667,0.1034,0.1451,0.1202,0.1229
4492,0.1208,0.1756,0.1357,0.144033333333333,0.1204,0.1762,0.1344,0.143666666666667
4494,0.1319,0.1884,0.1487,0.156333333333333,0.1315,0.189,0.1475,0.156
4512,0.1382,0.2002,0.1539,0.1641,0.1378,0.2009,0.1529,0.163866666666667
4514,0.1333,0.1954,0.1465,0.1584,0.1329,0.1961,0.1455,0.158166666666667
4516,0.1406,0.2076,0.1534,0.1672,0.1402,0.2084,0.1526,0.167066666666667
4529,0.1466,0.2181,0.1599,0.174866666666667,0.1462,0.219,0.159,0.174733333333333
4541,0.1415,0.2108,0.1605,0.170933333333333,0.141,0.2117,0.1588,0.1705
4543,0.1433,0.2104,0.1648,0.172833333333333,0.1427,0.2113,0.1628,0.172266666666667
4556,0.1464,0.2148,0.1693,0.176833333333333,0.1458,0.2156,0.1671,0.176166666666667
4558,0.145,0.2159,0.165,0.1753,0.1444,0.2169,0.163,0.174766666666667
4560,0.1508,0.2235,0.172,0.1821,0.1502,0.2245,0.17,0.181566666666667
4571,0.1476,0.219,0.1687,0.178433333333333,0.1472,0.2199,0.1668,0.177966666666667
4573,0.1377,0.2084,0.1569,0.167666666666667,0.1373,0.2093,0.1553,0.1673
4575,0.1432,0.2095,0.1623,0.171666666666667,0.1428,0.2103,0.1609,0.171333333333333
4585,0.1243,0.1847,0.1441,0.151033333333333,0.1237,0.1855,0.1423,0.1505
4587,0.1227,0.1765,0.1378,0.145666666666667,0.1221,0.1773,0.1361,0.145166666666667
4589,0.1143,0.1598,0.1305,0.134866666666667,0.1136,0.1605,0.1284,0.134166666666667
4600,0.1065,0.1521,0.1324,0.130333333333333,0.1059,0.1528,0.13,0.129566666666667
4602,0.0991,0.1439,0.1214,0.121466666666667,0.0985,0.1445,0.1191,0.1207
4604,0.0966,0.1414,0.1195,0.119166666666667,0.096,0.142,0.1174,0.118466666666667
4619,0.0967,0.1381,0.1175,0.117433333333333,0.096,0.1386,0.1153,0.116633333333333
4621,0.0959,0.1356,0.115,0.1155,0.0952,0.1361,0.1128,0.1147
4623,0.0983,0.136,0.1159,0.116733333333333,0.0976,0.1363,0.1137,0.115866666666667
4633,0.0982,0.1343,0.1156,0.116033333333333,0.0975,0.1346,0.1133,0.115133333333333
4635,0.1077,0.1448,0.1196,0.124033333333333,0.107,0.1449,0.1172,0.123033333333333
4637,0.108,0.1431,0.1197,0.1236,0.1073,0.1432,0.1172,0.122566666666667
4647,0.1005,0.1303,0.113,0.1146,0.1,0.1301,0.1104,0.1135
4649,0.1024,0.1352,0.1165,0.118033333333333,0.1019,0.1349,0.1138,0.116866666666667
4651,0.1033,0.1345,0.1182,0.118666666666667,0.103,0.134,0.1157,0.117566666666667
4669,0.1045,0.1233,0.1189,0.115566666666667,0.1041,0.1225,0.1165,0.114366666666667
4671,0.1099,0.1218,0.1235,0.1184,0.1094,0.121,0.121,0.117133333333333
4673,0.1178,0.1215,0.1304,0.123233333333333,0.1172,0.1204,0.1281,0.1219
4683,0.107,0.1121,0.1244,0.1145,0.1063,0.111,0.1222,0.113166666666667
4685,0.0962,0.1037,0.1143,0.104733333333333,0.0955,0.1028,0.1121,0.103466666666667
4687,0.0893,0.0969,0.1097,0.098633333333333,0.0885,0.0961,0.1077,0.097433333333333
4698,0.0793,0.0881,0.1,0.089133333333333,0.0786,0.0872,0.0981,0.087966666666667
4700,0.0788,0.0892,0.0981,0.0887,0.0783,0.0883,0.0962,0.0876
4702,0.0751,0.0859,0.0925,0.0845,0.0746,0.0849,0.0908,0.083433333333333
4717,0.0771,0.0864,0.0946,0.086033333333333,0.0766,0.0853,0.093,0.084966666666667
4719,0.0744,0.0849,0.0918,0.0837,0.0739,0.0838,0.0904,0.0827
4721,0.0758,0.0874,0.0937,0.085633333333333,0.0753,0.0862,0.0923,0.0846
4737,0.0727,0.0825,0.0894,0.081533333333333,0.0721,0.0814,0.0882,0.080566666666667
4739,0.0746,0.0857,0.091,0.083766666666667,0.074,0.0848,0.0899,0.0829
4741,0.0764,0.09,0.0895,0.0853,0.0757,0.0893,0.0886,0.084533333333333
4748,0.0756,0.0931,0.0899,0.0862,0.075,0.0923,0.089,0.085433333333333
4750,0.0744,0.0864,0.0872,0.082666666666667,0.0739,0.0858,0.0866,0.0821
4752,0.0762,0.0855,0.0866,0.082766666666667,0.0758,0.0849,0.0862,0.0823
4767,0.0801,0.0859,0.088,0.084666666666667,0.0797,0.0853,0.0879,0.0843
4769,0.0774,0.0909,0.0901,0.086133333333333,0.0771,0.0903,0.0901,0.085833333333333
4771,0.0796,0.0927,0.0912,0.087833333333333,0.0793,0.0922,0.0913,0.0876
4778,0.0821,0.095,0.0986,0.0919,0.0817,0.0945,0.0986,0.0916
4780,0.0892,0.1017,0.1078,0.099566666666667,0.0889,0.1012,0.108,0.099366666666667
4782,0.0975,0.1071,0.1216,0.108733333333333,0.0972,0.1068,0.1217,0.108566666666667
4797,0.096,0.1087,0.1271,0.1106,0.0957,0.1084,0.1271,0.1104
4799,0.089,0.107,0.1205,0.1055,0.0887,0.1067,0.1205,0.1053
4801,0.0923,0.1133,0.1313,0.1123,0.092,0.113,0.1312,0.112066666666667
4808,0.0894,0.1083,0.1215,0.1064,0.0891,0.108,0.1212,0.1061
4810,0.0844,0.0972,0.1044,0.095333333333333,0.084,0.0968,0.1041,0.094966666666667
4812,0.0838,0.0921,0.0998,0.0919,0.0833,0.0916,0.0993,0.0914
4815,0.0777,0.0866,0.0873,0.083866666666667,0.0772,0.086,0.0867,0.0833
4817,0.0762,0.0825,0.0859,0.081533333333333,0.0757,0.0817,0.0852,0.080866666666667
4827,0.0747,0.0822,0.0827,0.079866666666667,0.0742,0.0814,0.0819,0.079166666666667
4829,0.0658,0.0825,0.0763,0.074866666666667,0.0653,0.0817,0.0756,0.0742
4831,0.0783,0.0853,0.077,0.0802,0.0779,0.0847,0.0763,0.079633333333333
4833,0.072,0.0826,0.0751,0.076566666666667,0.0716,0.082,0.0745,0.076033333333333
4846,0.0733,0.0839,0.074,0.077066666666667,0.073,0.0833,0.0736,0.076633333333333
4848,0.0673,0.0847,0.0707,0.074233333333333,0.0671,0.0842,0.0704,0.0739
4850,0.0714,0.0881,0.0699,0.076466666666667,0.0712,0.0876,0.0697,0.076166666666667
4856,0.0643,0.0811,0.0644,0.069933333333333,0.0642,0.0806,0.0643,0.0697
4858,0.0676,0.0851,0.0654,0.0727,0.0675,0.0846,0.0654,0.0725
4860,0.0621,0.0815,0.0623,0.068633333333333,0.0621,0.081,0.0624,0.0685
4866,0.0606,0.0785,0.0606,0.066566666666667,0.0606,0.078,0.0607,0.066433333333333
4868,0.0624,0.0787,0.0616,0.067566666666667,0.0624,0.0783,0.0617,0.067466666666667
4870,0.0619,0.0806,0.0618,0.0681,0.0619,0.0802,0.062,0.068033333333333
4887,0.0618,0.0803,0.0644,0.068833333333333,0.0618,0.0799,0.0646,0.068766666666667
4889,0.0622,0.0825,0.0658,0.070166666666667,0.0622,0.0822,0.0659,0.0701
4891,0.0608,0.0841,0.0678,0.0709,0.0608,0.0838,0.0679,0.070833333333333
4903,0.0636,0.0952,0.0698,0.0762,0.0635,0.0949,0.07,0.076133333333333
4905,0.0681,0.1036,0.0749,0.0822,0.068,0.1032,0.0751,0.0821
4907,0.0761,0.1224,0.0815,0.093333333333333,0.0759,0.122,0.0818,0.093233333333333
4917,0.0795,0.1325,0.089,0.100333333333333,0.0793,0.1321,0.0893,0.100233333333333
4919,0.0907,0.1528,0.099,0.114166666666667,0.0904,0.1525,0.0993,0.114066666666667
4929,0.1004,0.1684,0.1119,0.1269,0.1001,0.1682,0.1121,0.1268
4931,0.1008,0.1759,0.1143,0.130333333333333,0.1005,0.1756,0.1145,0.1302
4933,0.0969,0.1712,0.1095,0.125866666666667,0.0965,0.1708,0.1096,0.125633333333333
4935,0.1012,0.1785,0.1166,0.1321,0.1008,0.1781,0.1166,0.131833333333333
4948,0.0942,0.1637,0.115,0.1243,0.0939,0.1634,0.1149,0.124066666666667
4950,0.0842,0.1456,0.1056,0.1118,0.084,0.1453,0.1054,0.111566666666667
4952,0.0812,0.1376,0.1086,0.109133333333333,0.081,0.1374,0.1083,0.1089
4955,0.0753,0.1217,0.1025,0.099833333333333,0.0752,0.1214,0.1021,0.099566666666667
4957,0.0734,0.1141,0.096,0.0945,0.0733,0.1138,0.0956,0.094233333333333
4959,0.0731,0.1043,0.0957,0.091033333333333,0.073,0.1039,0.0952,0.0907
4976,0.0662,0.0937,0.0834,0.0811,0.0662,0.0934,0.0831,0.0809
4978,0.0669,0.092,0.0838,0.0809,0.0669,0.0917,0.0835,0.0807
4980,0.0635,0.0861,0.0761,0.075233333333333,0.0636,0.0859,0.0759,0.075133333333333
4992,0.0661,0.086,0.0777,0.0766,0.0662,0.0857,0.0774,0.076433333333333
4994,0.0664,0.0848,0.0736,0.074933333333333,0.0664,0.0845,0.0734,0.074766666666667
4996,0.0709,0.0869,0.0775,0.078433333333333,0.0709,0.0866,0.0773,0.078266666666667
5009,0.0696,0.0768,0.0719,0.072766666666667,0.0696,0.0765,0.0717,0.0726
5011,0.0668,0.0773,0.0747,0.072933333333333,0.0668,0.077,0.0743,0.0727
5013,0.0665,0.075,0.0736,0.0717,0.0664,0.0747,0.0732,0.071433333333333
5024,0.0663,0.0727,0.0761,0.0717,0.0662,0.0723,0.0756,0.071366666666667
5026,0.0599,0.0729,0.0704,0.067733333333333,0.0597,0.0725,0.0699,0.067366666666667
5028,0.0583,0.0738,0.0715,0.067866666666667,0.058,0.0733,0.0709,0.0674
5038,0.0567,0.0759,0.0708,0.0678,0.0564,0.0754,0.07,0.067266666666667
5040,0.0572,0.0779,0.0705,0.068533333333333,0.057,0.0773,0.0696,0.067966666666667
5042,0.0566,0.0799,0.0722,0.069566666666667,0.0563,0.0793,0.0712,0.068933333333333
5057,0.0555,0.0774,0.0717,0.0682,0.0551,0.0768,0.0706,0.0675
5059,0.0568,0.0753,0.0735,0.068533333333333,0.0563,0.0747,0.0725,0.067833333333333
5061,0.0569,0.0759,0.0745,0.0691,0.0563,0.0752,0.0734,0.0683
5071,0.0594,0.0775,0.0776,0.0715,0.0587,0.0768,0.0763,0.0706
5073,0.0604,0.0795,0.0791,0.073,0.0597,0.0788,0.0778,0.0721
5075,0.0636,0.0787,0.0832,0.075166666666667,0.0629,0.0781,0.0817,0.074233333333333
5087,0.0658,0.0817,0.0871,0.0782,0.0651,0.0811,0.0857,0.0773
5089,0.0707,0.0852,0.0945,0.083466666666667,0.0699,0.0845,0.093,0.082466666666667
5091,0.0757,0.0912,0.101,0.0893,0.0749,0.0906,0.0998,0.088433333333333
5108,0.0789,0.0977,0.103,0.0932,0.0781,0.0973,0.1018,0.0924
5110,0.0814,0.1011,0.1031,0.0952,0.0805,0.1008,0.1017,0.094333333333333
5112,0.0875,0.1122,0.1082,0.102633333333333,0.0866,0.112,0.1069,0.101833333333333
5130,0.086,0.1127,0.1045,0.101066666666667,0.0852,0.1127,0.1031,0.100333333333333
5132,0.0909,0.1233,0.1085,0.107566666666667,0.0901,0.1234,0.1073,0.106933333333333
5134,0.0908,0.1282,0.1078,0.108933333333333,0.0901,0.1284,0.1065,0.108333333333333
5140,0.0967,0.1406,0.1175,0.118266666666667,0.0959,0.141,0.1163,0.117733333333333
5142,0.0988,0.145,0.1218,0.121866666666667,0.098,0.1457,0.1204,0.121366666666667
5144,0.1048,0.156,0.1347,0.131833333333333,0.104,0.1568,0.1335,0.131433333333333
5151,0.1061,0.1738,0.1272,0.1357,0.1053,0.175,0.1268,0.1357
5153,0.1122,0.1748,0.1354,0.1408,0.1114,0.1759,0.1363,0.1412
5155,0.1174,0.1949,0.1619,0.158066666666667,0.1166,0.1963,0.1636,0.158833333333333
5165,0.1138,0.18,0.1474,0.147066666666667,0.1131,0.1813,0.1489,0.147766666666667
5167,0.1095,0.1646,0.1237,0.1326,0.1089,0.1658,0.1247,0.133133333333333
5169,0.106,0.1541,0.1152,0.1251,0.1054,0.1552,0.1158,0.125466666666667
5184,0.1093,0.1544,0.1175,0.127066666666667,0.1087,0.1557,0.1182,0.127533333333333
5186,0.1099,0.1544,0.1165,0.126933333333333,0.1094,0.1557,0.1171,0.1274
5188,0.113,0.1567,0.1188,0.1295,0.1124,0.158,0.1194,0.129933333333333
5198,0.1072,0.152,0.116,0.125066666666667,0.1067,0.1533,0.1167,0.125566666666667
5200,0.1086,0.1524,0.1187,0.126566666666667,0.108,0.1538,0.1193,0.127033333333333
5202,0.106,0.151,0.1185,0.125166666666667,0.1054,0.1523,0.1191,0.1256
5217,0.1112,0.1633,0.1286,0.134366666666667,0.1105,0.1646,0.1292,0.134766666666667
5219,0.1077,0.1587,0.1251,0.1305,0.1072,0.1599,0.1258,0.130966666666667
5221,0.115,0.1679,0.1349,0.139266666666667,0.1144,0.1691,0.1358,0.139766666666667
5236,0.1192,0.1724,0.1403,0.143966666666667,0.1187,0.1735,0.1411,0.144433333333333
5238,0.1365,0.1855,0.1686,0.163533333333333,0.136,0.1867,0.1693,0.164
5240,0.1493,0.1983,0.1886,0.178733333333333,0.1488,0.1994,0.1892,0.179133333333333
5243,0.1403,0.1877,0.1669,0.164966666666667,0.1397,0.1888,0.1676,0.165366666666667
5245,0.1463,0.1935,0.1676,0.169133333333333,0.1457,0.1946,0.1683,0.169533333333333
5247,0.1443,0.1882,0.1588,0.163766666666667,0.1438,0.1893,0.1595,0.1642
5267,0.1279,0.1653,0.1403,0.1445,0.1274,0.1664,0.1411,0.144966666666667
5269,0.1219,0.156,0.1361,0.138,0.1214,0.1572,0.137,0.138533333333333
5279,0.1138,0.1428,0.1265,0.1277,0.1133,0.1439,0.1275,0.128233333333333
5281,0.1136,0.1449,0.1221,0.126866666666667,0.1131,0.1459,0.123,0.127333333333333
5283,0.1041,0.1347,0.1084,0.115733333333333,0.1036,0.1355,0.1094,0.116166666666667
5285,0.1067,0.14,0.1083,0.118333333333333,0.1063,0.1408,0.1093,0.1188
5292,0.0922,0.1269,0.1006,0.106566666666667,0.0916,0.1276,0.1014,0.106866666666667
5294,0.0974,0.1337,0.1088,0.1133,0.0969,0.1344,0.1095,0.1136
5296,0.0948,0.1323,0.1105,0.112533333333333,0.0943,0.1329,0.111,0.112733333333333
5306,0.0948,0.1351,0.1112,0.1137,0.0943,0.1357,0.1116,0.113866666666667
5308,0.0985,0.1422,0.1148,0.1185,0.098,0.1427,0.1153,0.118666666666667
5310,0.1027,0.1493,0.1203,0.1241,0.1023,0.1498,0.1207,0.124266666666667
5321,0.089,0.1425,0.1071,0.112866666666667,0.0886,0.1429,0.1075,0.113
5323,0.0866,0.1443,0.1053,0.112066666666667,0.0862,0.1446,0.1055,0.1121
5325,0.0801,0.1432,0.0986,0.1073,0.0798,0.1434,0.0988,0.107333333333333
5338,0.0775,0.1316,0.0911,0.100066666666667,0.0771,0.1317,0.0913,0.100033333333333
5340,0.0824,0.1284,0.0885,0.099766666666667,0.0819,0.1285,0.0887,0.0997
5342,0.0791,0.1205,0.081,0.093533333333333,0.0786,0.1205,0.0814,0.0935
5349,0.0774,0.1212,0.0787,0.092433333333333,0.077,0.1212,0.0789,0.092366666666667
5351,0.0732,0.1194,0.0747,0.0891,0.0728,0.1193,0.075,0.089033333333333
5353,0.0736,0.1246,0.0753,0.091166666666667,0.0734,0.1245,0.0755,0.091133333333333
5373,0.0761,0.129,0.0783,0.094466666666667,0.0758,0.1288,0.0784,0.094333333333333
5375,0.0758,0.1291,0.0783,0.0944,0.0755,0.1289,0.0785,0.0943
5377,0.078,0.135,0.083,0.098666666666667,0.0776,0.1348,0.0831,0.0985
5393,0.084,0.1347,0.0894,0.1027,0.0835,0.1346,0.0895,0.102533333333333
5395,0.1035,0.1438,0.102,0.116433333333333,0.103,0.1437,0.1019,0.1162
5405,0.1094,0.1472,0.11,0.1222,0.109,0.1472,0.1098,0.122
5407,0.0971,0.1372,0.1089,0.1144,0.0965,0.1373,0.1087,0.114166666666667
5409,0.0951,0.1406,0.1105,0.1154,0.0946,0.1408,0.1103,0.115233333333333
5411,0.1046,0.1393,0.1153,0.119733333333333,0.104,0.1396,0.1151,0.119566666666667
5414,0.0983,0.1261,0.1072,0.110533333333333,0.0977,0.1264,0.1071,0.1104
5416,0.0833,0.1169,0.0964,0.098866666666667,0.0825,0.1171,0.0964,0.098666666666667
5418,0.0779,0.1079,0.0917,0.0925,0.0771,0.1081,0.0918,0.092333333333333
5435,0.0771,0.1076,0.0901,0.0916,0.0763,0.1079,0.0904,0.091533333333333
5437,0.0766,0.1039,0.0912,0.090566666666667,0.0758,0.1044,0.0916,0.0906
5439,0.0764,0.1047,0.0897,0.090266666666667,0.0757,0.1053,0.0902,0.0904
5445,0.073,0.101,0.0843,0.0861,0.0723,0.1015,0.0849,0.086233333333333
5447,0.0741,0.1035,0.0831,0.0869,0.0734,0.104,0.0838,0.087066666666667
5449,0.0726,0.1035,0.0798,0.0853,0.072,0.1039,0.0805,0.085466666666667
5469,0.0759,0.1093,0.0855,0.090233333333333,0.0753,0.1099,0.0863,0.0905
5471,0.0772,0.1114,0.0858,0.091466666666667,0.0766,0.112,0.0866,0.091733333333333
5473,0.0834,0.1208,0.095,0.099733333333333,0.0827,0.1216,0.0959,0.100066666666667
5483,0.0807,0.1199,0.0918,0.097466666666667,0.0801,0.1206,0.0926,0.097766666666667
5485,0.0854,0.1261,0.0954,0.1023,0.0847,0.1269,0.0961,0.102566666666667
5487,0.0852,0.1281,0.0949,0.102733333333333,0.0846,0.1288,0.0955,0.102966666666667
5499,0.0851,0.1281,0.0943,0.1025,0.0845,0.1289,0.0949,0.102766666666667
5501,0.0835,0.1264,0.092,0.100633333333333,0.083,0.1271,0.0924,0.100833333333333
5503,0.0858,0.1278,0.0935,0.102366666666667,0.0853,0.1286,0.0938,0.102566666666667
5509,0.089,0.1327,0.0957,0.1058,0.0885,0.1335,0.096,0.106
5511,0.0959,0.1416,0.1028,0.113433333333333,0.0953,0.1425,0.1032,0.113666666666667
5513,0.1004,0.1482,0.1069,0.1185,0.0999,0.1491,0.1073,0.118766666666667
5526,0.1032,0.1507,0.1093,0.121066666666667,0.1027,0.1517,0.1096,0.121333333333333
5538,0.127,0.177,0.1316,0.1452,0.1264,0.1784,0.1322,0.145666666666667
5540,0.1399,0.19,0.1453,0.1584,0.1393,0.1915,0.1464,0.159066666666667
5558,0.1461,0.1984,0.1512,0.165233333333333,0.1454,0.2,0.1525,0.165966666666667
5560,0.1412,0.1965,0.1454,0.161033333333333,0.1406,0.198,0.1461,0.161566666666667
5562,0.1483,0.2062,0.1525,0.169,0.1476,0.2077,0.1532,0.1695
5577,0.1506,0.2109,0.1553,0.172266666666667,0.15,0.2124,0.1562,0.172866666666667
5589,0.1364,0.1934,0.1431,0.157633333333333,0.1358,0.1947,0.1442,0.158233333333333
5591,0.1341,0.188,0.1415,0.154533333333333,0.1335,0.1893,0.1427,0.155166666666667
5597,0.1284,0.1834,0.1364,0.1494,0.1278,0.1844,0.1373,0.149833333333333
5599,0.1244,0.182,0.132,0.146133333333333,0.1239,0.183,0.1326,0.1465
5601,0.1205,0.1795,0.129,0.143,0.1201,0.1804,0.1292,0.143233333333333
5608,0.1103,0.1661,0.1184,0.1316,0.1098,0.1668,0.1186,0.131733333333333
5610,0.1077,0.163,0.1165,0.129066666666667,0.1073,0.1636,0.1167,0.1292
5612,0.0996,0.1524,0.1085,0.120166666666667,0.0992,0.153,0.1086,0.120266666666667
5625,0.0943,0.1467,0.1051,0.115366666666667,0.0939,0.1473,0.1049,0.115366666666667
5627,0.0877,0.136,0.0973,0.107,0.0873,0.1365,0.0971,0.106966666666667
5629,0.083,0.131,0.094,0.102666666666667,0.0826,0.1315,0.0936,0.102566666666667
5644,0.0764,0.1197,0.086,0.094033333333333,0.076,0.1201,0.0856,0.0939
5646,0.0751,0.1168,0.0841,0.092,0.0747,0.1172,0.0839,0.091933333333333
5648,0.0724,0.1108,0.0815,0.088233333333333,0.0719,0.1111,0.0812,0.088066666666667
5651,0.0684,0.1076,0.077,0.084333333333333,0.0678,0.108,0.077,0.084266666666667
5653,0.0646,0.1005,0.073,0.079366666666667,0.0641,0.1009,0.073,0.079333333333333
5655,0.0652,0.101,0.0739,0.080033333333333,0.0646,0.1014,0.074,0.08
5675,0.0647,0.0961,0.0731,0.077966666666667,0.064,0.0964,0.0731,0.077833333333333
5677,0.0671,0.1005,0.077,0.081533333333333,0.0664,0.1008,0.0771,0.081433333333333
5679,0.0662,0.0961,0.0775,0.079933333333333,0.0655,0.0964,0.0775,0.0798
5697,0.0647,0.0922,0.0755,0.077466666666667,0.0639,0.0925,0.0757,0.077366666666667
5699,0.0626,0.0866,0.076,0.075066666666667,0.0618,0.0867,0.0761,0.074866666666667
5701,0.0629,0.0853,0.0773,0.075166666666667,0.0621,0.0855,0.0774,0.075
5717,0.0672,0.0863,0.0847,0.0794,0.0663,0.0865,0.0847,0.079166666666667
5719,0.0698,0.0901,0.0869,0.082266666666667,0.0689,0.0904,0.0868,0.082033333333333
5721,0.0752,0.0945,0.0938,0.087833333333333,0.0742,0.0949,0.0937,0.0876
5731,0.0773,0.0967,0.096,0.09,0.0763,0.0972,0.0959,0.0898
5733,0.0849,0.1008,0.1014,0.0957,0.0839,0.1013,0.1011,0.095433333333333
5735,0.0911,0.1067,0.1062,0.101333333333333,0.0901,0.1071,0.1059,0.101033333333333
5741,0.0954,0.1136,0.1114,0.1068,0.0943,0.1143,0.1112,0.1066
5743,0.0997,0.1203,0.1155,0.111833333333333,0.0988,0.1211,0.1153,0.111733333333333
5745,0.107,0.1303,0.1233,0.1202,0.106,0.1312,0.1232,0.120133333333333
5755,0.1168,0.1379,0.1365,0.1304,0.1158,0.1389,0.136,0.130233333333333
5757,0.1225,0.1392,0.1435,0.135066666666667,0.1216,0.1401,0.1427,0.1348
5759,0.1383,0.1496,0.1615,0.1498,0.1375,0.1504,0.1604,0.149433333333333
5777,0.1359,0.1433,0.1642,0.1478,0.1351,0.1442,0.1628,0.147366666666667
5779,0.1502,0.1565,0.1825,0.163066666666667,0.1495,0.1576,0.1808,0.162633333333333
5781,0.1581,0.1618,0.1931,0.171,0.1574,0.1629,0.1912,0.1705
5799,0.1595,0.1593,0.198,0.172266666666667,0.1588,0.1603,0.1959,0.171666666666667
5801,0.1637,0.1614,0.2035,0.1762,0.163,0.1623,0.2014,0.175566666666667
5803,0.1758,0.1692,0.2157,0.1869,0.1751,0.17,0.2134,0.186166666666667
5811,0.1627,0.1574,0.1998,0.1733,0.162,0.1581,0.1977,0.1726
5813,0.1468,0.1401,0.178,0.154966666666667,0.1461,0.1405,0.1762,0.154266666666667
5815,0.1379,0.1312,0.1641,0.1444,0.1371,0.1315,0.1626,0.143733333333333
5828,0.1278,0.1225,0.1567,0.135666666666667,0.127,0.1226,0.155,0.134866666666667
5830,0.1275,0.1217,0.1545,0.134566666666667,0.1267,0.1215,0.153,0.133733333333333
5832,0.123,0.1186,0.1485,0.130033333333333,0.1221,0.1181,0.147,0.129066666666667
5839,0.1227,0.1182,0.1401,0.127,0.1218,0.1176,0.139,0.126133333333333
5841,0.1177,0.1156,0.129,0.120766666666667,0.1169,0.115,0.1281,0.12
5851,0.1108,0.112,0.1242,0.115666666666667,0.1099,0.1115,0.1231,0.114833333333333
5853,0.1024,0.1061,0.1188,0.1091,0.1015,0.1058,0.1178,0.108366666666667
5855,0.1004,0.1062,0.12,0.108866666666667,0.0993,0.1061,0.1189,0.1081
5857,0.0974,0.1054,0.1175,0.106766666666667,0.0963,0.1054,0.1165,0.106066666666667
5870,0.0899,0.0996,0.1078,0.0991,0.0888,0.0997,0.107,0.0985
5872,0.0863,0.0961,0.1047,0.0957,0.0852,0.0961,0.1038,0.095033333333333
5874,0.0816,0.0928,0.0984,0.090933333333333,0.0806,0.0929,0.0977,0.0904
5892,0.0778,0.0898,0.0953,0.087633333333333,0.0768,0.0897,0.0945,0.087
5894,0.071,0.0853,0.0882,0.0815,0.0701,0.0852,0.0875,0.080933333333333
5896,0.0684,0.0848,0.0847,0.0793,0.0674,0.0846,0.0838,0.0786
5912,0.0639,0.0832,0.079,0.075366666666667,0.063,0.083,0.0783,0.074766666666667
5914,0.0631,0.0832,0.0772,0.0745,0.0623,0.083,0.0764,0.0739
5916,0.0612,0.0835,0.0732,0.072633333333333,0.0605,0.0834,0.0725,0.072133333333333
5936,0.059,0.0823,0.0701,0.070466666666667,0.0584,0.082,0.0694,0.069933333333333
5938,0.0593,0.0835,0.0686,0.070466666666667,0.0587,0.0833,0.0681,0.070033333333333
5940,0.0592,0.0848,0.0677,0.070566666666667,0.0587,0.0846,0.0672,0.070166666666667
5943,0.0605,0.0902,0.0683,0.073,0.06,0.0901,0.0676,0.072566666666667
5945,0.0605,0.0894,0.071,0.073633333333333,0.0601,0.0892,0.0701,0.073133333333333
5947,0.0627,0.0953,0.0735,0.077166666666667,0.0624,0.0952,0.0726,0.076733333333333
5962,0.0638,0.0968,0.076,0.078866666666667,0.0636,0.0967,0.0751,0.078466666666667
5964,0.0702,0.1101,0.0844,0.088233333333333,0.07,0.1101,0.0836,0.0879
5966,0.0773,0.1189,0.0939,0.0967,0.0772,0.1189,0.0931,0.0964
5976,0.0916,0.1393,0.1131,0.114666666666667,0.0914,0.1393,0.1124,0.114366666666667
